Year,Mileage_Km,Engine_CC,Power_BHP,Condition,Previous_Owners,Accidents_Reported,Service_Score,Brand_Honda,Brand_Hyundai,Brand_Kia,Brand_Mahindra,Brand_Maruti,Brand_Renault,Brand_Skoda,Brand_Tata,Brand_Toyota,Brand_Volkswagen,Fuel_Type_CNG,Fuel_Type_Diesel,Fuel_Type_Electric,Fuel_Type_Petrol,Transmission_Automatic,Transmission_Manual,City_Ahmedabad,City_Bengaluru,City_Chandigarh,City_Delhi,City_Hyderabad,City_Jaipur,City_Kochi,City_Lucknow,City_Mumbai,City_Pune,Seller_Type_Certified Dealer,Seller_Type_Dealer,Seller_Type_Individual,Resale_Price_Lakh
0.36363636363637397,0.3692393214375003,0.29681978798586567,0.5571615339918652,0.75,0.0,0.0,0.37209302325581395,0.0,0.0,0.0,0.0,0.0,0.0,0.0,0.0,0.0,1.0,0.0,1.0,0.0,0.0,0.0,1.0,0.0,0.0,0.0,0.0,0.0,0.0,0.0,1.0,0.0,0.0,1.0,0.0,0.0,4.26
0.7272727272727195,0.43316133589216244,0.22110045431600206,0.4397879140034863,0.5,0.0,0.5,0.3255813953488371,0.0,0.0,0.0,1.0,0.0,0.0,0.0,0.0,0.0,0.0,0.0,1.0,0.0,0.0,1.0,0.0,0.0,0.0,0.0,1.0,0.0,0.0,0.0,0.0,0.0,0.0,0.0,1.0,0.0,5.3
0.09090909090909349,0.641283254211645,0.342756183745583,0.5786606624055781,0.5,0.0,0.0,0.34883720930232553,0.0,0.0,0.0,0.0,0.0,1.0,0.0,0.0,0.0,0.0,0.0,0.0,0.0,1.0,0.0,1.0,0.0,0.0,0.0,0.0,0.0,0.0,1.0,0.0,0.0,0.0,0.0,0.0,1.0,1.23
0.818181818181813,0.37548595903437876,0.4790509843513377,0.5774985473561882,0.5,0.3333333333333333,0.0,0.5581395348837208,0.0,0.0,0.0,1.0,0.0,0.0,0.0,0.0,0.0,0.0,0.0,1.0,0.0,0.0,0.0,1.0,0.0,0.0,0.0,0.0,0.0,0.0,0.0,0.0,0.0,1.0,0.0,1.0,0.0,7.09
0.18181818181818699,0.558329053097136,0.5487127713276123,0.42003195816385813,0.75,0.3333333333333333,0.0,0.5348837209302324,0.0,0.0,0.0,0.0,0.0,0.0,0.0,0.0,1.0,0.0,0.0,0.0,0.0,1.0,1.0,0.0,0.0,0.0,0.0,1.0,0.0,0.0,0.0,0.0,0.0,0.0,0.0,0.0,1.0,2.69
0.9090909090909065,0.29756345315845617,0.33013629480060575,0.2776728646135968,0.0,0.3333333333333333,0.0,0.9534883720930232,0.0,0.0,0.0,0.0,0.0,1.0,0.0,0.0,0.0,0.0,0.0,1.0,0.0,0.0,0.0,1.0,0.0,0.0,0.0,0.0,0.0,0.0,0.0,1.0,0.0,0.0,1.0,0.0,0.0,5.71
0.7272727272727195,0.43997532864692246,0.044926804644119134,0.15042126670540384,0.75,0.0,0.0,0.6511627906976742,0.0,0.0,0.0,0.0,0.0,1.0,0.0,0.0,0.0,0.0,0.0,0.0,0.0,1.0,0.0,1.0,0.0,0.0,0.0,0.0,1.0,0.0,0.0,0.0,0.0,0.0,0.0,0.0,1.0,5.02
0.7272727272727195,0.36423054963963636,0.5159010600706713,0.3537914003486345,1.0,0.0,0.0,0.2558139534883721,0.0,0.0,0.0,0.0,1.0,0.0,0.0,0.0,0.0,0.0,0.0,1.0,0.0,0.0,0.0,1.0,0.0,0.0,1.0,0.0,0.0,0.0,0.0,0.0,0.0,0.0,0.0,0.0,1.0,6.0
0.636363636363626,0.2623473173485316,0.39777889954568396,0.4583817547937246,0.5,0.0,0.0,0.7209302325581395,0.0,0.0,1.0,0.0,0.0,0.0,0.0,0.0,0.0,0.0,0.0,0.0,0.0,1.0,0.0,1.0,0.0,0.0,0.0,0.0,1.0,0.0,0.0,0.0,0.0,0.0,0.0,1.0,0.0,5.27
0.7272727272727195,0.15394809703205917,0.0302877334679455,0.35785880302149914,0.75,0.3333333333333333,1.0,0.9069767441860463,0.0,0.0,0.0,0.0,0.0,0.0,1.0,0.0,0.0,0.0,0.0,0.0,0.0,1.0,1.0,0.0,0.0,0.0,0.0,0.0,0.0,0.0,0.0,0.0,0.0,1.0,0.0,0.0,1.0,5.77
0.636363636363626,0.24275350639098364,0.5381120646138313,0.5722690296339339,0.75,0.0,0.0,0.627906976744186,0.0,0.0,0.0,0.0,0.0,0.0,0.0,1.0,0.0,0.0,0.0,1.0,0.0,0.0,0.0,1.0,1.0,0.0,0.0,0.0,0.0,0.0,0.0,0.0,0.0,0.0,0.0,1.0,0.0,6.56
1.0,1.0,1.0,0.12253050552004657,1.0,0.3333333333333333,1.0,0.9069767441860463,0.0,0.0,0.0,0.0,0.0,0.0,0.0,0.0,0.0,1.0,0.0,0.0,0.0,1.0,1.0,0.0,0.0,0.0,0.0,0.0,0.0,0.0,0.0,1.0,0.0,0.0,1.0,0.0,0.0,15.0
1.0,0.1276663722437249,0.469964664310954,0.5774985473561882,1.0,0.0,0.0,0.627906976744186,0.0,0.0,0.0,0.0,0.0,0.0,1.0,0.0,0.0,0.0,0.0,0.0,0.0,1.0,0.0,1.0,0.0,0.0,0.0,0.0,0.0,0.0,0.0,1.0,0.0,0.0,0.0,0.0,1.0,9.83
0.0,0.5640140663963134,0.17415446744068652,0.28987507263219064,0.75,0.6666666666666667,0.0,0.20930232558139528,0.0,0.0,0.0,0.0,0.0,0.0,1.0,0.0,0.0,0.0,0.0,0.0,0.0,1.0,1.0,0.0,0.0,0.0,0.0,0.0,0.0,0.0,0.0,1.0,0.0,0.0,0.0,0.0,1.0,1.2
0.818181818181813,0.13466948338444545,0.6158505805148915,0.6530360255665313,1.0,0.0,0.0,0.34883720930232553,0.0,0.0,0.0,0.0,0.0,0.0,0.0,0.0,0.0,1.0,0.0,1.0,0.0,0.0,0.0,1.0,0.0,0.0,0.0,0.0,1.0,0.0,0.0,0.0,0.0,0.0,0.0,1.0,0.0,8.84
0.545454545454561,0.24134944564673116,0.34931852599697116,0.5914439279488668,0.5,1.0,0.0,0.0,0.0,0.0,1.0,0.0,0.0,0.0,0.0,0.0,0.0,0.0,0.0,0.0,0.0,1.0,0.0,1.0,0.0,0.0,0.0,0.0,0.0,0.0,0.0,0.0,1.0,0.0,1.0,0.0,0.0,4.44
0.636363636363626,0.14503087859101074,0.35739525492175667,0.5769174898314933,1.0,0.6666666666666667,0.0,0.2325581395348837,0.0,0.0,0.0,0.0,0.0,0.0,1.0,0.0,0.0,0.0,0.0,0.0,0.0,1.0,0.0,1.0,0.0,0.0,0.0,0.0,0.0,0.0,0.0,0.0,0.0,1.0,0.0,0.0,1.0,7.39
0.9090909090909065,0.08164756499332713,0.5729429581019687,0.5403108657757119,0.5,0.6666666666666667,0.0,0.5813953488372092,0.0,0.0,0.0,0.0,0.0,0.0,0.0,1.0,0.0,0.0,0.0,1.0,0.0,0.0,1.0,0.0,0.0,0.0,0.0,0.0,0.0,0.0,1.0,0.0,0.0,0.0,0.0,0.0,1.0,7.97
0.36363636363637397,0.51251082595306,0.3806158505805149,0.6634950610110402,0.5,0.0,0.5,0.023255813953488413,0.0,0.0,0.0,0.0,0.0,0.0,0.0,0.0,1.0,0.0,0.0,1.0,0.0,0.0,1.0,0.0,0.0,0.0,0.0,0.0,0.0,0.0,0.0,0.0,0.0,1.0,0.0,0.0,1.0,1.72
0.545454545454561,0.23728053491848927,0.5482079757698133,0.8715136548518303,1.0,0.0,0.0,0.2325581395348837,0.0,1.0,0.0,0.0,0.0,0.0,0.0,0.0,0.0,0.0,0.0,0.0,0.0,1.0,0.0,1.0,0.0,1.0,0.0,0.0,0.0,0.0,0.0,0.0,0.0,0.0,0.0,0.0,1.0,5.84
0.18181818181818699,0.5796306603885094,0.28672387682988393,0.4827861708309123,0.5,0.0,0.5,0.16279069767441845,0.0,0.0,1.0,0.0,0.0,0.0,0.0,0.0,0.0,0.0,0.0,0.0,0.0,1.0,0.0,1.0,0.0,1.0,0.0,0.0,0.0,0.0,0.0,0.0,0.0,0.0,0.0,0.0,1.0,1.2
0.2727272727272805,0.4659934338669481,0.2877334679454821,0.4769755955839628,0.75,0.0,0.0,0.8372093023255811,0.0,1.0,0.0,0.0,0.0,0.0,0.0,0.0,0.0,0.0,0.0,0.0,1.0,0.0,1.0,0.0,0.0,1.0,0.0,0.0,0.0,0.0,0.0,0.0,0.0,0.0,0.0,1.0,0.0,4.35
0.818181818181813,0.18735328102490706,0.45683997980817764,0.3764526438117373,0.5,0.6666666666666667,0.0,0.5116279069767442,0.0,0.0,0.0,0.0,0.0,0.0,0.0,1.0,0.0,0.0,0.0,1.0,0.0,0.0,0.0,1.0,0.0,1.0,0.0,0.0,0.0,0.0,0.0,0.0,0.0,0.0,1.0,0.0,0.0,6.85
0.45454545454546746,0.5266889740399198,0.0181726400807673,0.3973707147007555,0.75,0.3333333333333333,0.0,0.5581395348837208,0.0,0.0,0.0,0.0,0.0,0.0,0.0,1.0,0.0,0.0,0.0,0.0,0.0,1.0,0.0,1.0,0.0,0.0,0.0,0.0,1.0,0.0,0.0,0.0,0.0,0.0,0.0,0.0,1.0,2.65
0.0,0.6210418560536867,0.4820797576981322,0.5897007553747822,0.5,0.0,0.0,0.37209302325581395,0.0,0.0,0.0,0.0,1.0,0.0,0.0,0.0,0.0,0.0,0.0,1.0,0.0,0.0,1.0,0.0,0.0,0.0,0.0,0.0,1.0,0.0,0.0,0.0,0.0,0.0,0.0,0.0,1.0,1.2
0.9090909090909065,0.12159739131244578,0.0,0.4897588611272516,0.25,0.0,0.0,0.41860465116279055,0.0,0.0,0.0,0.0,0.0,0.0,0.0,0.0,0.0,1.0,0.0,0.0,1.0,0.0,0.0,1.0,0.0,0.0,0.0,0.0,0.0,0.0,0.0,1.0,0.0,0.0,0.0,0.0,1.0,8.89
0.9090909090909065,0.23739515212210172,0.18626956082786472,0.2584979662986637,0.75,0.6666666666666667,0.5,0.046511627906976605,0.0,0.0,0.0,1.0,0.0,0.0,0.0,0.0,0.0,0.0,0.0,0.0,0.0,1.0,1.0,0.0,0.0,0.0,0.0,0.0,0.0,0.0,1.0,0.0,0.0,0.0,0.0,0.0,1.0,7.43
0.45454545454546746,0.4559873519915814,0.16961130742049468,0.19748692620569447,0.5,0.3333333333333333,0.0,0.627906976744186,0.0,0.0,0.0,0.0,1.0,0.0,0.0,0.0,0.0,0.0,0.0,0.0,0.0,1.0,0.0,1.0,0.0,1.0,0.0,0.0,0.0,0.0,0.0,0.0,0.0,0.0,0.0,0.0,1.0,2.62
0.9090909090909065,0.16676230039593082,0.6643109540636043,0.5658773968622894,1.0,0.3333333333333333,0.0,0.5348837209302324,0.0,0.0,0.0,0.0,1.0,0.0,0.0,0.0,0.0,0.0,0.0,0.0,1.0,0.0,1.0,0.0,0.0,0.0,1.0,0.0,0.0,0.0,0.0,0.0,0.0,0.0,0.0,0.0,1.0,8.81
0.45454545454546746,0.5301790678899188,0.2554265522463402,0.0888291690877398,0.5,0.3333333333333333,0.0,0.16279069767441845,0.0,0.0,0.0,0.0,1.0,0.0,0.0,0.0,0.0,0.0,1.0,0.0,0.0,0.0,0.0,1.0,0.0,0.0,0.0,0.0,0.0,1.0,0.0,0.0,0.0,0.0,0.0,1.0,0.0,1.42
0.636363636363626,0.26415826916560825,0.3750630994447249,0.41189715281812905,0.5,0.0,0.0,0.0,0.0,0.0,1.0,0.0,0.0,0.0,0.0,0.0,0.0,0.0,0.0,1.0,0.0,0.0,1.0,0.0,0.0,0.0,0.0,0.0,1.0,0.0,0.0,0.0,0.0,0.0,0.0,0.0,1.0,4.93
0.2727272727272805,0.6653585978304396,0.6653205451792024,0.3654125508425334,0.5,0.0,0.0,0.13953488372093026,0.0,0.0,0.0,0.0,0.0,0.0,0.0,0.0,1.0,0.0,0.0,0.0,0.0,1.0,1.0,0.0,0.0,1.0,0.0,0.0,0.0,0.0,0.0,0.0,0.0,0.0,0.0,1.0,0.0,2.17
0.18181818181818699,0.6243944092593509,0.6022211004543161,0.3642504357931435,0.75,0.3333333333333333,0.0,0.3023255813953487,0.0,0.0,0.0,0.0,0.0,0.0,0.0,1.0,0.0,0.0,0.0,1.0,0.0,0.0,0.0,1.0,1.0,0.0,0.0,0.0,0.0,0.0,0.0,0.0,0.0,0.0,0.0,0.0,1.0,1.34
1.0,0.18692919737154098,0.5673902069661787,0.6495496804183614,0.5,1.0,0.0,0.18604651162790686,0.0,0.0,0.0,0.0,0.0,0.0,1.0,0.0,0.0,0.0,0.0,0.0,1.0,0.0,0.0,1.0,0.0,0.0,0.0,0.0,0.0,0.0,0.0,1.0,0.0,0.0,0.0,1.0,0.0,8.55
0.636363636363626,0.2959358888671594,0.0,0.36947995351539803,0.75,0.3333333333333333,0.0,0.13953488372093026,0.0,0.0,0.0,0.0,0.0,0.0,1.0,0.0,0.0,0.0,0.0,0.0,0.0,1.0,1.0,0.0,0.0,0.0,1.0,0.0,0.0,0.0,0.0,0.0,0.0,0.0,0.0,1.0,0.0,3.87
0.18181818181818699,0.6428993567825805,0.2256436143361938,0.9214846019755956,0.5,0.0,0.0,0.5348837209302324,0.0,1.0,0.0,0.0,0.0,0.0,0.0,0.0,0.0,0.0,0.0,0.0,0.0,1.0,1.0,0.0,0.0,0.0,0.0,0.0,0.0,0.0,0.0,0.0,0.0,1.0,0.0,1.0,0.0,2.77
0.0,0.8633942022320268,0.2958101968702675,0.3950464846019756,0.25,0.3333333333333333,0.0,0.9069767441860463,0.0,0.0,0.0,1.0,0.0,0.0,0.0,0.0,0.0,0.0,0.0,0.0,0.0,1.0,1.0,0.0,0.0,0.0,0.0,0.0,0.0,0.0,0.0,1.0,0.0,0.0,0.0,1.0,0.0,1.2
0.36363636363637397,0.5817166934942559,0.5285209490156486,0.5548373038930854,0.5,0.0,0.0,0.6046511627906976,0.0,0.0,0.0,0.0,1.0,0.0,0.0,0.0,0.0,0.0,0.0,0.0,0.0,1.0,0.0,1.0,0.0,0.0,0.0,0.0,0.0,0.0,0.0,0.0,0.0,1.0,0.0,1.0,0.0,2.96
0.0,0.70154897987107,0.42150429076224133,0.6344421847762929,0.5,0.0,0.0,0.18604651162790686,1.0,0.0,0.0,0.0,0.0,0.0,0.0,0.0,0.0,0.0,0.0,0.0,0.0,1.0,0.0,1.0,0.0,0.0,0.0,0.0,0.0,0.0,1.0,0.0,0.0,0.0,0.0,1.0,0.0,1.2
0.7272727272727195,0.18883184295150762,0.2609793033821302,0.579822777454968,0.75,1.0,1.0,0.0,0.0,0.0,0.0,0.0,1.0,0.0,0.0,0.0,0.0,0.0,0.0,1.0,0.0,0.0,0.0,1.0,0.0,0.0,0.0,0.0,0.0,0.0,0.0,1.0,0.0,0.0,0.0,1.0,0.0,5.7
1.0,0.057927534705731074,0.0,0.4020191748983149,0.75,0.6666666666666667,0.0,0.6744186046511627,1.0,0.0,0.0,0.0,0.0,0.0,0.0,0.0,0.0,0.0,0.0,1.0,0.0,0.0,0.0,1.0,0.0,0.0,0.0,0.0,0.0,0.0,0.0,0.0,0.0,1.0,1.0,0.0,0.0,9.72
1.0,0.1417700191482366,0.5507319535588087,0.4885967460778617,0.75,0.0,0.0,0.8837209302325579,0.0,0.0,0.0,0.0,0.0,1.0,0.0,0.0,0.0,0.0,0.0,1.0,0.0,0.0,0.0,1.0,0.0,0.0,0.0,0.0,0.0,0.0,0.0,1.0,0.0,0.0,0.0,0.0,1.0,9.06
0.36363636363637397,0.4236194536914262,0.4598687531549723,0.748329459616502,1.0,0.0,0.5,0.5813953488372092,0.0,0.0,0.0,0.0,0.0,0.0,0.0,0.0,0.0,1.0,0.0,1.0,0.0,0.0,0.0,1.0,0.0,0.0,0.0,1.0,0.0,0.0,0.0,0.0,0.0,0.0,0.0,0.0,1.0,5.34
0.45454545454546746,0.20370342512022271,0.5285209490156486,0.3828442765833819,0.0,0.0,0.0,0.7209302325581395,0.0,0.0,1.0,0.0,0.0,0.0,0.0,0.0,0.0,0.0,0.0,1.0,0.0,0.0,0.0,1.0,0.0,0.0,0.0,0.0,1.0,0.0,0.0,0.0,0.0,0.0,0.0,1.0,0.0,4.6
0.0,0.6597480857136103,0.19636547198384652,0.42584253341080763,0.5,0.6666666666666667,0.0,0.13953488372093026,0.0,0.0,0.0,0.0,0.0,0.0,0.0,0.0,0.0,1.0,0.0,1.0,0.0,0.0,0.0,1.0,0.0,0.0,0.0,1.0,0.0,0.0,0.0,0.0,0.0,0.0,0.0,1.0,0.0,1.2
0.545454545454561,0.19398388625388716,0.07521453811206463,0.4229372457873329,0.5,0.0,0.0,0.6511627906976742,0.0,0.0,0.0,0.0,0.0,0.0,0.0,1.0,0.0,0.0,0.0,0.0,0.0,1.0,0.0,1.0,0.0,0.0,0.0,0.0,0.0,0.0,0.0,0.0,0.0,1.0,0.0,1.0,0.0,4.28
0.09090909090909349,0.8139941874750618,0.1352852094901565,0.36483149331783854,1.0,0.6666666666666667,0.0,0.44186046511627897,0.0,0.0,0.0,0.0,0.0,0.0,0.0,0.0,1.0,0.0,0.0,0.0,0.0,1.0,1.0,0.0,0.0,0.0,0.0,0.0,0.0,0.0,1.0,0.0,0.0,0.0,0.0,1.0,0.0,2.22
0.36363636363637397,0.6420855746369322,0.11408379606259467,0.41770772806507855,0.25,0.3333333333333333,0.0,0.9767441860465116,0.0,0.0,0.0,0.0,0.0,0.0,1.0,0.0,0.0,0.0,0.0,0.0,0.0,1.0,1.0,0.0,0.0,0.0,0.0,0.0,0.0,1.0,0.0,0.0,0.0,0.0,1.0,0.0,0.0,2.66
0.9090909090909065,0.14400505461867932,0.6703685007571933,0.6135241138872749,0.75,0.0,0.0,0.5348837209302324,0.0,0.0,0.0,0.0,0.0,0.0,0.0,0.0,0.0,1.0,0.0,1.0,0.0,0.0,0.0,1.0,0.0,0.0,0.0,0.0,0.0,0.0,0.0,0.0,1.0,0.0,0.0,0.0,1.0,10.11
0.636363636363626,0.47575308875454797,0.5764765270065624,0.494988378849506,0.75,0.0,0.0,0.5348837209302324,0.0,0.0,0.0,1.0,0.0,0.0,0.0,0.0,0.0,0.0,0.0,1.0,0.0,0.0,0.0,1.0,0.0,0.0,1.0,0.0,0.0,0.0,0.0,0.0,0.0,0.0,1.0,0.0,0.0,5.93
0.36363636363637397,0.41777970716737195,0.3296314992428066,0.7465862870424174,0.0,0.0,0.5,0.34883720930232553,0.0,0.0,0.0,0.0,0.0,0.0,0.0,0.0,1.0,0.0,0.0,1.0,0.0,0.0,0.0,1.0,0.0,0.0,0.0,0.0,0.0,0.0,0.0,1.0,0.0,0.0,0.0,0.0,1.0,2.96
0.36363636363637397,0.4308174140782879,0.6340232205956586,0.4287478210342824,0.5,0.3333333333333333,0.0,0.0,0.0,0.0,0.0,0.0,0.0,0.0,0.0,0.0,1.0,0.0,0.0,1.0,0.0,0.0,1.0,0.0,0.0,0.0,0.0,0.0,1.0,0.0,0.0,0.0,0.0,0.0,0.0,1.0,0.0,3.03
0.2727272727272805,0.36386950544825714,0.2564361433619384,0.6094567112144103,0.5,0.3333333333333333,0.0,0.18604651162790686,0.0,0.0,0.0,0.0,0.0,0.0,0.0,0.0,0.0,1.0,0.0,0.0,0.0,1.0,0.0,1.0,0.0,0.0,0.0,1.0,0.0,0.0,0.0,0.0,0.0,0.0,0.0,1.0,0.0,1.92
0.9090909090909065,0.34542759738701434,0.658253407370015,0.7855171411969786,0.25,0.3333333333333333,0.0,0.37209302325581395,0.0,0.0,1.0,0.0,0.0,0.0,0.0,0.0,0.0,0.0,0.0,0.0,0.0,1.0,0.0,1.0,0.0,0.0,1.0,0.0,0.0,0.0,0.0,0.0,0.0,0.0,0.0,0.0,1.0,7.44
0.36363636363637397,0.4011659435037476,0.6027258960121151,0.6791836141778038,0.75,0.3333333333333333,0.5,0.44186046511627897,0.0,0.0,0.0,0.0,0.0,1.0,0.0,0.0,0.0,0.0,0.0,1.0,0.0,0.0,0.0,1.0,0.0,0.0,0.0,0.0,0.0,0.0,0.0,0.0,1.0,0.0,0.0,1.0,0.0,3.46
0.18181818181818699,0.5631200522081363,0.0681474003028773,0.4490848343986054,0.5,0.6666666666666667,0.0,1.0,1.0,0.0,0.0,0.0,0.0,0.0,0.0,0.0,0.0,0.0,0.0,1.0,0.0,0.0,0.0,1.0,0.0,1.0,0.0,0.0,0.0,0.0,0.0,0.0,0.0,0.0,0.0,0.0,1.0,1.87
0.9090909090909065,0.2588285691976294,0.5270065623422513,0.5054474142940151,0.5,0.0,0.0,0.046511627906976605,0.0,0.0,0.0,0.0,0.0,1.0,0.0,0.0,0.0,0.0,0.0,0.0,0.0,1.0,0.0,1.0,0.0,0.0,0.0,0.0,0.0,0.0,1.0,0.0,0.0,0.0,0.0,1.0,0.0,7.95
0.545454545454561,0.3869763336965266,0.43816254416961126,0.633280069726903,0.75,0.0,0.0,0.06976744186046502,0.0,0.0,0.0,0.0,1.0,0.0,0.0,0.0,0.0,0.0,0.0,0.0,0.0,1.0,1.0,0.0,0.0,0.0,0.0,0.0,0.0,0.0,0.0,1.0,0.0,0.0,0.0,1.0,0.0,3.24
0.9090909090909065,0.023496526740551783,0.5512367491166077,0.7134660081348052,0.75,0.0,0.0,0.09302325581395343,0.0,0.0,0.0,0.0,0.0,0.0,0.0,0.0,1.0,0.0,1.0,0.0,0.0,0.0,0.0,1.0,0.0,0.0,0.0,0.0,0.0,0.0,0.0,0.0,1.0,0.0,0.0,0.0,1.0,9.3
0.636363636363626,0.29050303341592937,0.4331145885916204,0.4479227193492156,1.0,0.6666666666666667,0.0,0.627906976744186,0.0,0.0,0.0,0.0,0.0,0.0,0.0,1.0,0.0,0.0,1.0,0.0,0.0,0.0,0.0,1.0,0.0,0.0,0.0,0.0,0.0,0.0,1.0,0.0,0.0,0.0,1.0,0.0,0.0,6.92
0.545454545454561,0.4915186851114402,0.36244321049974754,0.40027600232423016,0.75,0.3333333333333333,0.0,0.7209302325581395,0.0,0.0,0.0,0.0,0.0,0.0,0.0,1.0,0.0,0.0,0.0,1.0,0.0,0.0,1.0,0.0,0.0,0.0,0.0,0.0,0.0,1.0,0.0,0.0,0.0,0.0,0.0,1.0,0.0,6.18
0.45454545454546746,0.3626029853483396,0.3942453306410903,0.6263073794305636,0.75,0.0,0.0,0.6976744186046511,0.0,0.0,0.0,0.0,0.0,0.0,0.0,0.0,1.0,0.0,0.0,0.0,0.0,1.0,0.0,1.0,1.0,0.0,0.0,0.0,0.0,0.0,0.0,0.0,0.0,0.0,0.0,1.0,0.0,6.51
0.818181818181813,0.2906806900815287,0.26552246340232205,0.5037042417199302,0.75,0.0,0.0,0.5348837209302324,0.0,0.0,0.0,0.0,0.0,0.0,0.0,0.0,0.0,1.0,0.0,0.0,0.0,1.0,1.0,0.0,0.0,0.0,0.0,0.0,0.0,0.0,0.0,0.0,1.0,0.0,0.0,0.0,1.0,8.56
0.45454545454546746,0.3519837014336463,0.2604745078243312,0.37064206856478793,1.0,1.0,0.5,0.8837209302325579,0.0,0.0,0.0,0.0,0.0,1.0,0.0,0.0,0.0,0.0,0.0,0.0,0.0,1.0,1.0,0.0,0.0,1.0,0.0,0.0,0.0,0.0,0.0,0.0,0.0,0.0,0.0,1.0,0.0,3.69
1.0,0.2420772648896702,0.43109540636042404,0.5188117373619987,0.75,0.0,0.0,0.0,0.0,0.0,0.0,0.0,0.0,0.0,0.0,1.0,0.0,0.0,0.0,0.0,0.0,1.0,1.0,0.0,0.0,0.0,0.0,0.0,0.0,0.0,0.0,1.0,0.0,0.0,0.0,0.0,1.0,8.62
0.09090909090909349,1.0,1.0,0.04699302730970373,0.5,0.3333333333333333,0.5,0.9534883720930232,1.0,0.0,0.0,0.0,0.0,0.0,0.0,0.0,0.0,0.0,0.0,0.0,0.0,1.0,0.0,1.0,0.0,0.0,0.0,0.0,0.0,0.0,0.0,0.0,1.0,0.0,0.0,0.0,1.0,12.5
0.636363636363626,0.2830643769014815,0.4477536597677941,0.8064352120859966,0.75,0.6666666666666667,0.5,0.13953488372093026,0.0,0.0,0.0,1.0,0.0,0.0,0.0,0.0,0.0,0.0,0.0,0.0,0.0,1.0,1.0,0.0,0.0,0.0,0.0,0.0,0.0,0.0,0.0,1.0,0.0,0.0,0.0,0.0,1.0,3.59
0.2727272727272805,0.6656279482589289,0.6824835941443714,0.6774404416037187,0.75,0.0,0.0,1.0,0.0,0.0,0.0,0.0,0.0,0.0,0.0,0.0,0.0,1.0,0.0,1.0,0.0,0.0,1.0,0.0,0.0,1.0,0.0,0.0,0.0,0.0,0.0,0.0,0.0,0.0,1.0,0.0,0.0,3.71
0.18181818181818699,0.6263314400004012,0.28571428571428575,0.6664003486345149,0.75,0.0,0.0,0.627906976744186,0.0,0.0,0.0,0.0,1.0,0.0,0.0,0.0,0.0,0.0,0.0,0.0,0.0,1.0,1.0,0.0,1.0,0.0,0.0,0.0,0.0,0.0,0.0,0.0,0.0,0.0,0.0,1.0,0.0,2.29
0.9090909090909065,0.07053542710310032,0.3982836951034831,0.2974288204532249,0.75,0.0,0.0,0.9767441860465116,0.0,0.0,0.0,0.0,0.0,0.0,1.0,0.0,0.0,0.0,0.0,0.0,0.0,1.0,1.0,0.0,0.0,0.0,0.0,1.0,0.0,0.0,0.0,0.0,0.0,0.0,0.0,0.0,1.0,8.31
0.818181818181813,0.4726813476977344,0.2110045431600202,0.5774985473561882,0.0,0.0,0.0,0.8372093023255811,1.0,0.0,0.0,0.0,0.0,0.0,0.0,0.0,0.0,0.0,0.0,1.0,0.0,0.0,1.0,0.0,0.0,0.0,0.0,0.0,0.0,0.0,0.0,1.0,0.0,0.0,0.0,1.0,0.0,7.59
0.545454545454561,0.45971814196916655,0.2821807168096921,0.48220511330621735,0.5,0.3333333333333333,0.0,0.41860465116279055,0.0,0.0,0.0,0.0,0.0,0.0,0.0,0.0,1.0,0.0,0.0,0.0,0.0,1.0,1.0,0.0,0.0,0.0,1.0,0.0,0.0,0.0,0.0,0.0,0.0,0.0,1.0,0.0,0.0,4.83
0.09090909090909349,0.5820376216643708,0.6340232205956586,0.5252033701336434,0.25,0.0,0.0,0.3255813953488371,0.0,0.0,0.0,0.0,0.0,0.0,0.0,1.0,0.0,0.0,0.0,0.0,0.0,1.0,0.0,1.0,0.0,0.0,0.0,0.0,0.0,0.0,0.0,1.0,0.0,0.0,0.0,1.0,0.0,1.2
0.2727272727272805,0.6255463121556559,0.1867743563856638,0.3845874491574666,0.0,0.3333333333333333,0.0,0.6976744186046511,0.0,0.0,0.0,0.0,0.0,0.0,0.0,0.0,0.0,1.0,1.0,0.0,0.0,0.0,0.0,1.0,0.0,0.0,0.0,0.0,0.0,0.0,1.0,0.0,0.0,0.0,0.0,1.0,0.0,1.71
0.09090909090909349,0.5651659692926184,0.036850075719333686,0.5449593259732712,0.5,0.0,0.0,0.7209302325581395,0.0,0.0,0.0,1.0,0.0,0.0,0.0,0.0,0.0,0.0,0.0,1.0,0.0,0.0,1.0,0.0,0.0,0.0,0.0,0.0,0.0,1.0,0.0,0.0,0.0,0.0,0.0,0.0,1.0,1.67
0.09090909090909349,0.5801578995251266,0.6067642604745078,0.6187536316095295,0.5,0.3333333333333333,0.0,0.046511627906976605,0.0,0.0,0.0,0.0,0.0,1.0,0.0,0.0,0.0,0.0,0.0,0.0,0.0,1.0,1.0,0.0,1.0,0.0,0.0,0.0,0.0,0.0,0.0,0.0,0.0,0.0,0.0,0.0,1.0,1.2
1.0,0.9690884565432455,0.7067137809187278,0.8488524113887275,0.5,0.0,0.0,0.9767441860465116,0.0,0.0,0.0,0.0,0.0,0.0,0.0,0.0,1.0,0.0,0.0,1.0,0.0,0.0,0.0,1.0,0.0,0.0,0.0,0.0,0.0,0.0,0.0,0.0,0.0,1.0,0.0,0.0,1.0,12.8
0.7272727272727195,0.21341723312637767,0.08177688036345282,0.36250726321905874,0.75,0.0,0.0,0.8837209302325579,0.0,0.0,0.0,0.0,0.0,0.0,1.0,0.0,0.0,0.0,1.0,0.0,0.0,0.0,0.0,1.0,0.0,0.0,0.0,0.0,0.0,0.0,0.0,0.0,0.0,1.0,1.0,0.0,0.0,7.17
0.45454545454546746,0.4052463159523508,0.19939424533064104,0.474651365485183,0.5,0.3333333333333333,0.0,0.7906976744186047,0.0,1.0,0.0,0.0,0.0,0.0,0.0,0.0,0.0,0.0,0.0,1.0,0.0,0.0,0.0,1.0,0.0,0.0,0.0,0.0,0.0,0.0,0.0,0.0,1.0,0.0,0.0,1.0,0.0,5.3
0.818181818181813,0.3462241869521208,0.464411913175164,0.6373474723997676,0.75,0.3333333333333333,0.5,0.44186046511627897,0.0,0.0,0.0,0.0,0.0,1.0,0.0,0.0,0.0,0.0,0.0,0.0,0.0,1.0,0.0,1.0,0.0,0.0,0.0,0.0,0.0,0.0,0.0,1.0,0.0,0.0,0.0,0.0,1.0,6.23
0.545454545454561,0.5247863284599531,0.23018677435638563,0.201554328878559,0.75,0.3333333333333333,0.0,0.7209302325581395,1.0,0.0,0.0,0.0,0.0,0.0,0.0,0.0,0.0,0.0,0.0,0.0,0.0,1.0,1.0,0.0,0.0,0.0,0.0,0.0,0.0,0.0,0.0,0.0,1.0,0.0,0.0,0.0,1.0,4.44
0.545454545454561,0.3577718702160749,0.558303886925795,0.6338611272515979,0.5,0.3333333333333333,0.0,0.4651162790697674,0.0,0.0,0.0,0.0,0.0,0.0,0.0,1.0,0.0,0.0,0.0,0.0,0.0,1.0,0.0,1.0,0.0,0.0,0.0,0.0,0.0,1.0,0.0,0.0,0.0,0.0,0.0,1.0,0.0,4.45
0.2727272727272805,0.6383032069177214,0.6567390206966179,0.7024259151656016,0.5,0.6666666666666667,0.0,0.7441860465116279,0.0,0.0,0.0,0.0,1.0,0.0,0.0,0.0,0.0,0.0,0.0,0.0,0.0,1.0,0.0,1.0,0.0,0.0,1.0,0.0,0.0,0.0,0.0,0.0,0.0,0.0,1.0,0.0,0.0,1.39
0.0,0.6288186333187913,0.0822816759212519,0.3171847762928531,0.25,0.0,0.0,0.11627906976744184,0.0,0.0,0.0,0.0,1.0,0.0,0.0,0.0,0.0,0.0,0.0,1.0,0.0,0.0,0.0,1.0,0.0,0.0,0.0,0.0,0.0,0.0,0.0,1.0,0.0,0.0,0.0,0.0,1.0,1.2
0.545454545454561,0.4876159693284363,0.46643109540636046,0.49963683904706574,0.5,0.0,0.0,0.046511627906976605,0.0,0.0,0.0,0.0,0.0,1.0,0.0,0.0,0.0,0.0,0.0,0.0,0.0,1.0,1.0,0.0,0.0,1.0,0.0,0.0,0.0,0.0,0.0,0.0,0.0,0.0,0.0,0.0,1.0,4.25
1.0,0.28081787971067756,0.5128722867238769,0.4769755955839628,0.75,0.0,0.0,0.5116279069767442,0.0,0.0,0.0,0.0,1.0,0.0,0.0,0.0,0.0,0.0,0.0,0.0,0.0,1.0,1.0,0.0,0.0,0.0,0.0,0.0,0.0,0.0,0.0,1.0,0.0,0.0,0.0,0.0,1.0,7.84
0.7272727272727195,0.269109732361666,0.5764765270065624,0.686156304474143,0.5,0.0,0.5,0.18604651162790686,0.0,0.0,1.0,0.0,0.0,0.0,0.0,0.0,0.0,0.0,0.0,0.0,0.0,1.0,0.0,1.0,0.0,1.0,0.0,0.0,0.0,0.0,0.0,0.0,0.0,0.0,0.0,0.0,1.0,5.4
0.09090909090909349,0.7501810593638316,0.09439676930843005,0.4641923300406741,0.75,0.0,0.0,0.09302325581395343,0.0,0.0,0.0,1.0,0.0,0.0,0.0,0.0,0.0,0.0,0.0,1.0,0.0,0.0,1.0,0.0,0.0,0.0,0.0,0.0,0.0,0.0,0.0,0.0,1.0,0.0,0.0,0.0,1.0,1.2
0.818181818181813,0.41368214213822696,0.4134275618374558,0.654198140615921,0.75,0.0,0.0,0.7209302325581395,0.0,0.0,0.0,1.0,0.0,0.0,0.0,0.0,0.0,0.0,1.0,0.0,0.0,0.0,0.0,1.0,0.0,0.0,0.0,0.0,1.0,0.0,0.0,0.0,0.0,0.0,1.0,0.0,0.0,8.42
0.18181818181818699,0.7455390626175274,0.49621403331650676,0.5100958744915747,0.25,0.0,0.0,0.7441860465116279,0.0,0.0,0.0,0.0,0.0,0.0,1.0,0.0,0.0,0.0,0.0,0.0,0.0,1.0,0.0,1.0,0.0,0.0,0.0,0.0,0.0,0.0,1.0,0.0,0.0,0.0,0.0,0.0,1.0,1.82
0.36363636363637397,0.5191987397838463,0.07975769813225642,0.390398024404416,0.75,0.3333333333333333,0.0,0.9069767441860463,0.0,0.0,0.0,0.0,1.0,0.0,0.0,0.0,0.0,0.0,0.0,0.0,0.0,1.0,0.0,1.0,0.0,0.0,0.0,0.0,0.0,0.0,0.0,0.0,1.0,0.0,0.0,1.0,0.0,3.36
0.818181818181813,0.36608734833815804,0.28722867238768296,0.5089337594421848,0.5,0.0,0.0,0.5348837209302324,0.0,0.0,0.0,0.0,0.0,0.0,1.0,0.0,0.0,0.0,0.0,0.0,0.0,1.0,1.0,0.0,0.0,0.0,1.0,0.0,0.0,0.0,0.0,0.0,0.0,0.0,1.0,0.0,0.0,7.04
0.7272727272727195,0.3761106227940666,0.10146390711761738,0.6483875653689715,0.5,0.0,0.0,0.6511627906976742,0.0,0.0,0.0,0.0,1.0,0.0,0.0,0.0,0.0,0.0,0.0,0.0,0.0,1.0,0.0,1.0,0.0,0.0,0.0,0.0,0.0,0.0,1.0,0.0,0.0,0.0,0.0,0.0,1.0,5.43
0.636363636363626,0.42720124130431514,0.0,0.24861998837884952,0.25,0.0,0.0,0.7906976744186047,0.0,0.0,0.0,0.0,0.0,1.0,0.0,0.0,0.0,0.0,0.0,0.0,0.0,1.0,0.0,1.0,0.0,1.0,0.0,0.0,0.0,0.0,0.0,0.0,0.0,0.0,0.0,0.0,1.0,4.74
0.7272727272727195,0.45011322030644346,0.27612317011610293,0.2765107495642069,0.5,0.0,0.0,0.8837209302325579,0.0,0.0,0.0,0.0,0.0,0.0,0.0,1.0,0.0,0.0,0.0,0.0,0.0,1.0,0.0,1.0,0.0,0.0,0.0,0.0,0.0,0.0,0.0,1.0,0.0,0.0,0.0,1.0,0.0,6.14
0.636363636363626,0.24497134928088454,0.42705704189803123,0.7088175479372458,0.75,0.3333333333333333,0.0,0.8139534883720931,0.0,0.0,0.0,0.0,0.0,0.0,0.0,0.0,0.0,1.0,0.0,1.0,0.0,0.0,1.0,0.0,0.0,0.0,0.0,0.0,1.0,0.0,0.0,0.0,0.0,0.0,0.0,0.0,1.0,7.3
0.45454545454546746,0.3237190990228167,0.2529025744573448,0.5525130737943056,0.5,1.0,0.0,0.5581395348837208,0.0,0.0,0.0,0.0,0.0,0.0,0.0,0.0,1.0,0.0,0.0,0.0,0.0,1.0,0.0,1.0,0.0,1.0,0.0,0.0,0.0,0.0,0.0,0.0,0.0,0.0,0.0,0.0,1.0,2.74
0.45454545454546746,0.4311899199900283,0.2771327612317011,0.5403108657757119,1.0,0.3333333333333333,1.0,0.5581395348837208,0.0,0.0,0.0,0.0,1.0,0.0,0.0,0.0,0.0,0.0,0.0,0.0,0.0,1.0,0.0,1.0,0.0,0.0,1.0,0.0,0.0,0.0,0.0,0.0,0.0,0.0,0.0,0.0,1.0,4.62
0.0,0.7815403262721973,0.4336193841494194,0.707074375363161,0.75,0.0,0.5,1.0,0.0,0.0,1.0,0.0,0.0,0.0,0.0,0.0,0.0,0.0,0.0,0.0,0.0,1.0,0.0,1.0,0.0,0.0,0.0,0.0,0.0,0.0,1.0,0.0,0.0,0.0,1.0,0.0,0.0,1.4
0.2727272727272805,0.47694510767211745,0.370015143866734,0.3584398605461941,0.0,0.6666666666666667,0.5,0.9069767441860463,0.0,0.0,1.0,0.0,0.0,0.0,0.0,0.0,0.0,0.0,0.0,0.0,0.0,1.0,1.0,0.0,1.0,0.0,0.0,0.0,0.0,0.0,0.0,0.0,0.0,0.0,0.0,1.0,0.0,2.09
0.636363636363626,0.36832811466878135,0.4740030287733468,0.800624636839047,0.5,0.0,0.0,0.09302325581395343,0.0,1.0,0.0,0.0,0.0,0.0,0.0,0.0,0.0,0.0,1.0,0.0,0.0,0.0,1.0,0.0,1.0,0.0,0.0,0.0,0.0,0.0,0.0,0.0,0.0,0.0,0.0,1.0,0.0,5.84
0.9090909090909065,0.23704556965108375,0.5426552246340233,0.494988378849506,0.75,0.0,0.0,0.13953488372093026,0.0,0.0,0.0,0.0,0.0,0.0,0.0,0.0,1.0,0.0,0.0,0.0,0.0,1.0,1.0,0.0,0.0,0.0,0.0,0.0,0.0,0.0,0.0,0.0,1.0,0.0,0.0,0.0,1.0,8.59
0.2727272727272805,0.5213363506312184,0.25896012115093386,0.4531522370714702,0.5,0.0,0.0,0.5813953488372092,1.0,0.0,0.0,0.0,0.0,0.0,0.0,0.0,0.0,0.0,0.0,0.0,0.0,1.0,0.0,1.0,0.0,0.0,0.0,0.0,0.0,0.0,0.0,1.0,0.0,0.0,1.0,0.0,0.0,2.26
0.0,0.7579234514678524,0.851590106007067,0.9028907611853574,0.5,0.0,0.0,0.627906976744186,0.0,0.0,0.0,0.0,0.0,0.0,0.0,0.0,0.0,1.0,0.0,1.0,0.0,0.0,0.0,1.0,0.0,0.0,0.0,0.0,0.0,1.0,0.0,0.0,0.0,0.0,0.0,0.0,1.0,1.2
0.18181818181818699,0.5859002214261102,0.22110045431600206,0.6629140034863452,0.0,0.0,0.0,0.8837209302325579,0.0,0.0,1.0,0.0,0.0,0.0,0.0,0.0,0.0,0.0,0.0,0.0,0.0,1.0,0.0,1.0,1.0,0.0,0.0,0.0,0.0,0.0,0.0,0.0,0.0,0.0,0.0,0.0,1.0,2.73
0.09090909090909349,0.7105292377741053,0.6951034830893488,0.6007408483439862,0.5,0.0,0.0,0.37209302325581395,0.0,0.0,0.0,0.0,1.0,0.0,0.0,0.0,0.0,0.0,0.0,0.0,0.0,1.0,1.0,0.0,0.0,0.0,0.0,0.0,0.0,1.0,0.0,0.0,0.0,0.0,0.0,0.0,1.0,1.62
0.9090909090909065,0.1490424807174464,0.1564866229177183,0.2741865194654271,0.75,0.0,0.0,0.2790697674418603,0.0,0.0,0.0,0.0,0.0,0.0,0.0,1.0,0.0,0.0,0.0,0.0,0.0,1.0,1.0,0.0,0.0,0.0,0.0,0.0,1.0,0.0,0.0,0.0,0.0,0.0,0.0,1.0,0.0,7.57
0.2727272727272805,0.4764866388576677,0.12115093387178194,0.3305490993608367,0.0,0.6666666666666667,0.0,0.06976744186046502,0.0,0.0,0.0,0.0,0.0,0.0,1.0,0.0,0.0,0.0,0.0,0.0,0.0,1.0,0.0,1.0,0.0,0.0,0.0,0.0,0.0,0.0,0.0,1.0,0.0,0.0,0.0,0.0,1.0,1.2
0.7272727272727195,0.18019543665930968,0.0,0.25966008134805346,0.5,0.0,0.0,0.6511627906976742,0.0,0.0,0.0,0.0,0.0,0.0,0.0,0.0,1.0,0.0,0.0,0.0,0.0,1.0,1.0,0.0,0.0,0.0,1.0,0.0,0.0,0.0,0.0,0.0,0.0,0.0,0.0,0.0,1.0,6.5
0.36363636363637397,0.35949112827026164,0.005552751135790013,0.10451772225450329,0.25,0.0,0.5,0.8372093023255811,1.0,0.0,0.0,0.0,0.0,0.0,0.0,0.0,0.0,0.0,0.0,0.0,0.0,1.0,0.0,1.0,0.0,0.0,0.0,0.0,0.0,0.0,0.0,1.0,0.0,0.0,0.0,1.0,0.0,1.2
0.36363636363637397,0.4121863876310845,0.8445229681978799,0.6878994770482278,0.25,0.3333333333333333,0.0,0.37209302325581395,0.0,1.0,0.0,0.0,0.0,0.0,0.0,0.0,0.0,0.0,0.0,1.0,0.0,0.0,0.0,1.0,1.0,0.0,0.0,0.0,0.0,0.0,0.0,0.0,0.0,0.0,0.0,0.0,1.0,3.4
0.545454545454561,0.39066700765284745,0.0,0.48336722835560714,0.75,0.3333333333333333,0.5,0.7906976744186047,0.0,0.0,0.0,0.0,0.0,1.0,0.0,0.0,0.0,0.0,0.0,0.0,0.0,1.0,0.0,1.0,0.0,0.0,1.0,0.0,0.0,0.0,0.0,0.0,0.0,0.0,0.0,0.0,1.0,5.25
0.45454545454546746,0.4850943908489625,0.0,0.5095148169668797,0.5,0.3333333333333333,0.5,0.046511627906976605,0.0,1.0,0.0,0.0,0.0,0.0,0.0,0.0,0.0,0.0,0.0,1.0,0.0,0.0,0.0,1.0,0.0,0.0,0.0,0.0,0.0,1.0,0.0,0.0,0.0,0.0,0.0,1.0,0.0,3.26
0.36363636363637397,0.5477842703647907,0.7031802120141342,0.7535589773387565,0.75,0.0,0.5,0.13953488372093026,1.0,0.0,0.0,0.0,0.0,0.0,0.0,0.0,0.0,0.0,1.0,0.0,0.0,0.0,1.0,0.0,0.0,0.0,0.0,1.0,0.0,0.0,0.0,0.0,0.0,0.0,0.0,0.0,1.0,3.25
0.636363636363626,0.27358553416273207,0.04341241797072187,0.3828442765833819,0.5,0.6666666666666667,0.0,0.2325581395348837,0.0,0.0,0.0,0.0,0.0,0.0,0.0,0.0,0.0,1.0,0.0,1.0,0.0,0.0,0.0,1.0,0.0,1.0,0.0,0.0,0.0,0.0,0.0,0.0,0.0,0.0,0.0,0.0,1.0,5.66
0.45454545454546746,0.39518292547517786,0.3992932862190813,0.5693637420104591,0.75,0.3333333333333333,0.0,0.9534883720930232,0.0,0.0,0.0,0.0,0.0,0.0,0.0,0.0,1.0,0.0,0.0,0.0,0.0,1.0,1.0,0.0,0.0,1.0,0.0,0.0,0.0,0.0,0.0,0.0,0.0,0.0,1.0,0.0,0.0,4.63
0.9090909090909065,0.3985641329817451,0.22362443210499744,0.4641923300406741,0.25,0.0,0.0,0.20930232558139528,0.0,0.0,0.0,1.0,0.0,0.0,0.0,0.0,0.0,0.0,0.0,1.0,0.0,0.0,0.0,1.0,0.0,0.0,0.0,0.0,0.0,0.0,0.0,0.0,0.0,1.0,1.0,0.0,0.0,7.63
0.636363636363626,0.2272801839033032,0.3321554770318021,0.41189715281812905,0.5,1.0,0.0,0.8372093023255811,0.0,1.0,0.0,0.0,0.0,0.0,0.0,0.0,0.0,0.0,0.0,0.0,0.0,1.0,0.0,1.0,0.0,0.0,1.0,0.0,0.0,0.0,0.0,0.0,0.0,0.0,0.0,0.0,1.0,4.58
0.2727272727272805,0.5517844107708652,0.6976274608783442,0.6809267867518884,0.75,0.0,1.0,0.7441860465116279,1.0,0.0,0.0,0.0,0.0,0.0,0.0,0.0,0.0,0.0,0.0,0.0,0.0,1.0,0.0,1.0,0.0,0.0,0.0,1.0,0.0,0.0,0.0,0.0,0.0,0.0,0.0,1.0,0.0,3.94
0.45454545454546746,0.39804835556548906,0.6193841494194852,0.5815659500290529,1.0,0.0,0.0,0.9069767441860463,0.0,0.0,0.0,0.0,1.0,0.0,0.0,0.0,0.0,0.0,0.0,0.0,0.0,1.0,1.0,0.0,0.0,0.0,0.0,0.0,0.0,0.0,0.0,1.0,0.0,0.0,0.0,0.0,1.0,4.92
0.18181818181818699,0.540935892448947,0.2529025744573448,0.3549535153980244,0.75,0.0,0.0,0.44186046511627897,0.0,0.0,0.0,0.0,0.0,0.0,1.0,0.0,0.0,0.0,1.0,0.0,0.0,0.0,0.0,1.0,1.0,0.0,0.0,0.0,0.0,0.0,0.0,0.0,0.0,0.0,0.0,0.0,1.0,1.81
0.818181818181813,0.38675283014948236,0.32912670368500757,0.2062027890761186,0.75,0.3333333333333333,0.0,0.046511627906976605,0.0,0.0,0.0,0.0,0.0,0.0,1.0,0.0,0.0,0.0,0.0,1.0,0.0,0.0,1.0,0.0,0.0,0.0,0.0,0.0,1.0,0.0,0.0,0.0,0.0,0.0,0.0,0.0,1.0,7.35
0.818181818181813,0.22117681781094037,0.20444220090863202,0.33345438698431146,0.75,0.3333333333333333,0.0,0.9069767441860463,0.0,0.0,0.0,0.0,0.0,1.0,0.0,0.0,0.0,0.0,0.0,0.0,0.0,1.0,0.0,1.0,0.0,1.0,0.0,0.0,0.0,0.0,0.0,0.0,0.0,0.0,0.0,0.0,1.0,8.44
0.636363636363626,0.20593272973048482,0.1267036850075719,0.34391342242882045,0.5,0.0,0.0,0.34883720930232553,1.0,0.0,0.0,0.0,0.0,0.0,0.0,0.0,0.0,0.0,0.0,0.0,0.0,1.0,0.0,1.0,0.0,0.0,0.0,1.0,0.0,0.0,0.0,0.0,0.0,0.0,0.0,1.0,0.0,5.05
0.45454545454546746,0.6523036983389818,0.31398283695103485,0.42932887855897744,0.5,0.0,0.0,0.20930232558139528,0.0,0.0,0.0,0.0,0.0,0.0,1.0,0.0,0.0,0.0,0.0,0.0,0.0,1.0,0.0,1.0,0.0,0.0,0.0,0.0,0.0,1.0,0.0,0.0,0.0,0.0,1.0,0.0,0.0,3.99
0.36363636363637397,0.5205111067652088,0.3054013124684503,0.49731260894828594,1.0,0.0,0.0,0.9302325581395348,0.0,0.0,0.0,0.0,0.0,1.0,0.0,0.0,0.0,0.0,0.0,0.0,0.0,1.0,1.0,0.0,0.0,0.0,0.0,0.0,0.0,1.0,0.0,0.0,0.0,0.0,0.0,0.0,1.0,4.05
0.0,0.6272770319302039,0.5047955577990912,0.47290819291109826,0.75,0.3333333333333333,0.0,0.2325581395348837,0.0,0.0,0.0,0.0,0.0,0.0,1.0,0.0,0.0,0.0,0.0,0.0,0.0,1.0,0.0,1.0,0.0,0.0,0.0,0.0,0.0,0.0,0.0,1.0,0.0,0.0,0.0,0.0,1.0,1.2
0.18181818181818699,0.4803893546406715,0.2771327612317011,0.29103718768158054,0.5,0.0,0.0,0.6976744186046511,0.0,0.0,0.0,0.0,0.0,0.0,1.0,0.0,0.0,0.0,0.0,0.0,1.0,0.0,0.0,1.0,0.0,0.0,0.0,0.0,0.0,0.0,1.0,0.0,0.0,0.0,0.0,1.0,0.0,3.4
0.818181818181813,0.4503940324552939,0.23624432104997478,0.4275857059848925,0.0,0.0,0.0,0.9069767441860463,0.0,0.0,1.0,0.0,0.0,0.0,0.0,0.0,0.0,0.0,0.0,0.0,0.0,1.0,1.0,0.0,0.0,0.0,0.0,1.0,0.0,0.0,0.0,0.0,0.0,0.0,0.0,1.0,0.0,6.49
0.636363636363626,0.40615752272106975,0.3467945482079758,0.600159790819291,0.75,0.3333333333333333,0.0,0.6046511627906976,1.0,0.0,0.0,0.0,0.0,0.0,0.0,0.0,0.0,0.0,0.0,0.0,0.0,1.0,0.0,1.0,0.0,0.0,0.0,1.0,0.0,0.0,0.0,0.0,0.0,0.0,0.0,1.0,0.0,7.11
0.818181818181813,0.19758859730749864,0.27107521453811206,0.5193927948866939,0.5,0.3333333333333333,0.0,0.3255813953488371,0.0,0.0,0.0,1.0,0.0,0.0,0.0,0.0,0.0,0.0,1.0,0.0,0.0,0.0,0.0,1.0,0.0,0.0,0.0,1.0,0.0,0.0,0.0,0.0,0.0,0.0,0.0,1.0,0.0,7.27
0.545454545454561,0.3533419152964538,0.3604240282685512,0.623983149331784,0.5,0.0,0.0,0.5581395348837208,0.0,0.0,0.0,1.0,0.0,0.0,0.0,0.0,0.0,0.0,0.0,1.0,0.0,0.0,0.0,1.0,0.0,0.0,1.0,0.0,0.0,0.0,0.0,0.0,0.0,0.0,1.0,0.0,0.0,5.96
0.18181818181818699,0.5620999590959855,0.12468450277637555,0.4159645554909936,0.5,0.6666666666666667,0.0,0.9767441860465116,0.0,0.0,0.0,0.0,0.0,0.0,0.0,1.0,0.0,0.0,0.0,0.0,0.0,1.0,0.0,1.0,0.0,0.0,0.0,0.0,0.0,0.0,1.0,0.0,0.0,0.0,0.0,0.0,1.0,1.25
0.0,0.6983110438690183,0.3321554770318021,0.7367083091226032,1.0,0.0,0.5,0.41860465116279055,0.0,0.0,0.0,0.0,0.0,0.0,1.0,0.0,0.0,0.0,0.0,0.0,0.0,1.0,1.0,0.0,0.0,0.0,0.0,1.0,0.0,0.0,0.0,0.0,0.0,0.0,0.0,0.0,1.0,1.2
0.09090909090909349,0.7241973393048897,0.3321554770318021,0.7245061011040093,0.5,0.0,0.0,0.5116279069767442,0.0,0.0,1.0,0.0,0.0,0.0,0.0,0.0,0.0,0.0,0.0,0.0,0.0,1.0,1.0,0.0,0.0,0.0,0.0,1.0,0.0,0.0,0.0,0.0,0.0,0.0,0.0,0.0,1.0,1.84
0.9090909090909065,0.05902212900022995,0.3912165572942958,0.5711069145845438,0.75,0.0,0.0,0.7209302325581395,0.0,0.0,0.0,0.0,1.0,0.0,0.0,0.0,0.0,0.0,0.0,0.0,0.0,1.0,0.0,1.0,0.0,0.0,0.0,0.0,0.0,1.0,0.0,0.0,0.0,0.0,0.0,0.0,1.0,7.77
0.7272727272727195,0.24901160570822328,0.44068652195860675,0.7355461940732133,0.5,0.6666666666666667,0.0,0.6744186046511627,0.0,0.0,0.0,0.0,0.0,0.0,0.0,0.0,1.0,0.0,0.0,1.0,0.0,0.0,0.0,1.0,1.0,0.0,0.0,0.0,0.0,0.0,0.0,0.0,0.0,0.0,0.0,1.0,0.0,8.19
0.0,0.5811321457558324,0.15901060070671375,0.38168216153399187,1.0,0.3333333333333333,0.0,0.16279069767441845,0.0,0.0,0.0,0.0,0.0,0.0,0.0,1.0,0.0,0.0,0.0,0.0,0.0,1.0,0.0,1.0,1.0,0.0,0.0,0.0,0.0,0.0,0.0,0.0,0.0,0.0,0.0,0.0,1.0,1.2
0.9090909090909065,0.19389219249099718,0.14588591620393737,0.5292707728065078,0.5,0.0,0.5,0.3255813953488371,0.0,0.0,0.0,0.0,0.0,1.0,0.0,0.0,0.0,0.0,0.0,0.0,0.0,1.0,0.0,1.0,0.0,1.0,0.0,0.0,0.0,0.0,0.0,0.0,0.0,0.0,0.0,0.0,1.0,7.84
0.818181818181813,0.1381137303529995,0.6057546693589095,0.3259006391632772,0.5,0.0,0.0,0.5348837209302324,0.0,1.0,0.0,0.0,0.0,0.0,0.0,0.0,0.0,0.0,0.0,1.0,0.0,0.0,0.0,1.0,0.0,0.0,0.0,0.0,0.0,0.0,0.0,0.0,1.0,0.0,0.0,0.0,1.0,28.5
0.636363636363626,0.39432902730826513,0.2786471479050984,0.3770337013364324,0.5,0.0,0.0,0.39534883720930214,0.0,0.0,0.0,0.0,0.0,0.0,1.0,0.0,0.0,0.0,0.0,1.0,0.0,0.0,0.0,1.0,0.0,0.0,0.0,0.0,0.0,0.0,0.0,1.0,0.0,0.0,0.0,0.0,1.0,6.38
0.7272727272727195,0.34596629824399283,0.40989399293286216,0.644901220220802,0.0,0.6666666666666667,0.0,0.8139534883720931,0.0,0.0,0.0,1.0,0.0,0.0,0.0,0.0,0.0,0.0,0.0,0.0,0.0,1.0,0.0,1.0,0.0,0.0,0.0,0.0,0.0,0.0,0.0,0.0,0.0,1.0,0.0,1.0,0.0,5.95
0.36363636363637397,0.46931160191152843,0.1751640585562847,0.4816240557815224,0.25,0.3333333333333333,0.0,0.023255813953488413,0.0,0.0,0.0,0.0,0.0,1.0,0.0,0.0,0.0,0.0,0.0,0.0,0.0,1.0,0.0,1.0,0.0,0.0,0.0,0.0,1.0,0.0,0.0,0.0,0.0,0.0,0.0,0.0,1.0,1.43
0.7272727272727195,0.3760475833320797,0.6168601716304896,0.7860981987216733,0.5,0.3333333333333333,0.0,0.046511627906976605,0.0,0.0,1.0,0.0,0.0,0.0,0.0,0.0,0.0,0.0,0.0,0.0,0.0,1.0,0.0,1.0,0.0,0.0,0.0,0.0,0.0,1.0,0.0,0.0,0.0,0.0,0.0,0.0,1.0,6.99
0.818181818181813,0.20713621036841554,0.34225138818778394,0.6722109238814642,0.25,0.6666666666666667,0.5,0.44186046511627897,0.0,0.0,0.0,1.0,0.0,0.0,0.0,0.0,0.0,0.0,0.0,0.0,0.0,1.0,0.0,1.0,0.0,0.0,0.0,1.0,0.0,0.0,0.0,0.0,0.0,0.0,0.0,0.0,1.0,6.26
0.7272727272727195,0.27222158943974395,0.4442200908632004,0.24629575828006972,0.5,0.3333333333333333,0.0,0.8372093023255811,0.0,0.0,0.0,0.0,0.0,0.0,1.0,0.0,0.0,0.0,0.0,1.0,0.0,0.0,1.0,0.0,0.0,0.0,0.0,1.0,0.0,0.0,0.0,0.0,0.0,0.0,0.0,1.0,0.0,5.82
0.545454545454561,0.29845746734663325,0.19586067642604743,0.46593550261475886,0.5,0.0,1.0,0.44186046511627897,0.0,0.0,0.0,1.0,0.0,0.0,0.0,0.0,0.0,0.0,0.0,1.0,0.0,0.0,0.0,1.0,0.0,0.0,0.0,0.0,0.0,1.0,0.0,0.0,0.0,0.0,0.0,0.0,1.0,3.96
0.36363636363637397,0.5406149642788322,0.0,0.17133933759442194,0.5,0.0,0.0,0.06976744186046502,0.0,0.0,0.0,0.0,0.0,0.0,0.0,1.0,0.0,0.0,0.0,0.0,1.0,0.0,1.0,0.0,0.0,0.0,0.0,0.0,0.0,0.0,0.0,0.0,0.0,1.0,0.0,0.0,1.0,3.36
0.45454545454546746,0.4704004653458467,0.28167592125189295,0.359601975595584,0.75,1.0,0.0,0.2325581395348837,0.0,1.0,0.0,0.0,0.0,0.0,0.0,0.0,0.0,0.0,0.0,0.0,0.0,1.0,0.0,1.0,0.0,0.0,0.0,1.0,0.0,0.0,0.0,0.0,0.0,0.0,0.0,0.0,1.0,3.07
0.09090909090909349,0.6473866203040078,0.7122665320545178,0.5333381754793725,0.75,0.0,1.0,0.9767441860465116,0.0,0.0,0.0,0.0,0.0,0.0,1.0,0.0,0.0,0.0,0.0,1.0,0.0,0.0,0.0,1.0,0.0,0.0,0.0,0.0,0.0,1.0,0.0,0.0,0.0,0.0,0.0,1.0,0.0,1.73
0.7272727272727195,0.25892599382070003,0.24381625441696114,0.474651365485183,0.25,0.0,0.0,0.7209302325581395,0.0,0.0,0.0,0.0,0.0,0.0,0.0,1.0,0.0,0.0,1.0,0.0,0.0,0.0,0.0,1.0,0.0,0.0,0.0,1.0,0.0,0.0,0.0,0.0,0.0,0.0,0.0,1.0,0.0,6.78
0.2727272727272805,0.36970925197231136,0.1292276627965674,0.21259442184776295,0.5,0.3333333333333333,0.0,0.4651162790697674,0.0,0.0,0.0,0.0,0.0,0.0,0.0,0.0,1.0,0.0,0.0,0.0,0.0,1.0,0.0,1.0,1.0,0.0,0.0,0.0,0.0,0.0,0.0,0.0,0.0,0.0,0.0,0.0,1.0,2.19
0.545454545454561,0.45546584371514476,0.18778394750126198,0.3090499709471238,0.5,0.6666666666666667,0.0,0.34883720930232553,1.0,0.0,0.0,0.0,0.0,0.0,0.0,0.0,0.0,0.0,0.0,1.0,0.0,0.0,1.0,0.0,0.0,0.0,0.0,0.0,0.0,0.0,0.0,0.0,0.0,1.0,0.0,0.0,1.0,4.35
0.18181818181818699,0.5385403928934469,0.6077738515901059,0.5164875072632191,1.0,0.3333333333333333,0.0,0.16279069767441845,0.0,0.0,0.0,0.0,0.0,0.0,0.0,0.0,1.0,0.0,0.0,0.0,0.0,1.0,0.0,1.0,0.0,0.0,0.0,0.0,0.0,0.0,0.0,0.0,1.0,0.0,0.0,1.0,0.0,2.57
0.36363636363637397,0.49850460367161886,0.04341241797072187,0.47639453805926796,0.25,0.0,0.0,0.4651162790697674,1.0,0.0,0.0,0.0,0.0,0.0,0.0,0.0,0.0,0.0,0.0,0.0,0.0,1.0,0.0,1.0,0.0,0.0,0.0,0.0,1.0,0.0,0.0,0.0,0.0,0.0,1.0,0.0,0.0,3.79
0.636363636363626,0.3472442800642716,0.7233720343260979,0.6053893085415456,0.5,0.0,0.0,0.0,0.0,0.0,0.0,0.0,0.0,0.0,1.0,0.0,0.0,0.0,0.0,0.0,0.0,1.0,0.0,1.0,0.0,1.0,0.0,0.0,0.0,0.0,0.0,0.0,0.0,0.0,0.0,0.0,1.0,4.73
0.36363636363637397,0.2464499112074851,0.31802120141342755,0.4322341661824522,0.25,0.0,0.0,0.6744186046511627,0.0,1.0,0.0,0.0,0.0,0.0,0.0,0.0,0.0,0.0,0.0,0.0,0.0,1.0,0.0,1.0,1.0,0.0,0.0,0.0,0.0,0.0,0.0,0.0,0.0,0.0,0.0,1.0,0.0,2.94
0.7272727272727195,0.35210978035762003,0.552751135790005,0.40492446252178965,0.75,0.0,0.0,0.09302325581395343,0.0,0.0,0.0,1.0,0.0,0.0,0.0,0.0,0.0,0.0,0.0,0.0,0.0,1.0,1.0,0.0,0.0,0.0,1.0,0.0,0.0,0.0,0.0,0.0,0.0,0.0,0.0,0.0,1.0,6.53
0.545454545454561,0.3416280370872617,0.35739525492175667,0.41654561301568854,1.0,0.0,1.0,0.9302325581395348,0.0,0.0,0.0,0.0,0.0,0.0,0.0,0.0,0.0,1.0,0.0,0.0,0.0,1.0,1.0,0.0,0.0,0.0,0.0,1.0,0.0,0.0,0.0,0.0,0.0,0.0,0.0,0.0,1.0,5.93
1.0,0.21306191979517908,0.3927309439676931,0.6919668797210925,0.5,0.6666666666666667,0.0,0.13953488372093026,0.0,0.0,0.0,1.0,0.0,0.0,0.0,0.0,0.0,0.0,0.0,1.0,0.0,0.0,0.0,1.0,0.0,1.0,0.0,0.0,0.0,0.0,0.0,0.0,0.0,0.0,0.0,1.0,0.0,7.99
0.0,0.7616657031657988,1.0,0.34275130737943066,0.5,0.0,0.5,0.20930232558139528,0.0,0.0,0.0,0.0,0.0,0.0,0.0,0.0,0.0,1.0,0.0,0.0,1.0,0.0,0.0,1.0,0.0,0.0,0.0,0.0,0.0,0.0,1.0,0.0,0.0,0.0,0.0,1.0,0.0,1.2
0.9090909090909065,0.06289045962215006,0.20444220090863202,0.5310139453805927,1.0,0.0,0.0,0.8139534883720931,0.0,0.0,0.0,0.0,0.0,0.0,1.0,0.0,0.0,0.0,1.0,0.0,0.0,0.0,0.0,1.0,0.0,0.0,0.0,0.0,0.0,0.0,1.0,0.0,0.0,0.0,0.0,0.0,1.0,9.16
0.36363636363637397,0.6477018176139421,0.41645633518425035,0.5252033701336434,0.5,0.0,0.0,0.6976744186046511,0.0,0.0,0.0,0.0,0.0,0.0,0.0,0.0,1.0,0.0,0.0,0.0,0.0,1.0,0.0,1.0,0.0,1.0,0.0,0.0,0.0,0.0,0.0,0.0,0.0,0.0,0.0,0.0,1.0,4.17
0.18181818181818699,0.5749657402014827,0.5335689045936396,0.8256101104009297,0.75,0.3333333333333333,0.0,0.6744186046511627,0.0,0.0,0.0,0.0,0.0,0.0,0.0,1.0,0.0,0.0,0.0,0.0,0.0,1.0,1.0,0.0,1.0,0.0,0.0,0.0,0.0,0.0,0.0,0.0,0.0,0.0,0.0,1.0,0.0,1.93
0.45454545454546746,0.42731012764774695,0.37354871277132756,0.38749273678094126,0.75,0.0,0.0,0.3255813953488371,0.0,0.0,0.0,0.0,0.0,1.0,0.0,0.0,0.0,0.0,0.0,0.0,0.0,1.0,0.0,1.0,0.0,0.0,0.0,0.0,0.0,0.0,0.0,1.0,0.0,0.0,1.0,0.0,0.0,4.25
0.545454545454561,0.30360377978883213,0.541645633518425,0.5769174898314933,0.5,0.0,1.0,0.20930232558139528,0.0,0.0,0.0,0.0,0.0,0.0,0.0,0.0,0.0,1.0,0.0,0.0,0.0,1.0,0.0,1.0,1.0,0.0,0.0,0.0,0.0,0.0,0.0,0.0,0.0,0.0,1.0,0.0,0.0,4.94
0.7272727272727195,0.46818835331612646,0.32458354366481573,0.2143375944218478,0.75,1.0,0.0,0.2325581395348837,0.0,0.0,0.0,0.0,0.0,0.0,0.0,1.0,0.0,0.0,0.0,0.0,0.0,1.0,0.0,1.0,0.0,1.0,0.0,0.0,0.0,0.0,0.0,0.0,0.0,0.0,1.0,0.0,0.0,5.15
0.18181818181818699,0.5903702923669957,0.3200403836446239,0.7721528181289949,0.5,0.0,0.0,0.39534883720930214,0.0,0.0,0.0,1.0,0.0,0.0,0.0,0.0,0.0,0.0,0.0,0.0,1.0,0.0,0.0,1.0,0.0,0.0,0.0,0.0,0.0,0.0,0.0,1.0,0.0,0.0,0.0,0.0,1.0,3.72
1.0,0.15945545366563726,0.2892478546188793,0.6193346891342242,0.5,0.3333333333333333,0.0,0.5348837209302324,0.0,0.0,0.0,0.0,0.0,0.0,0.0,1.0,0.0,0.0,0.0,0.0,0.0,1.0,1.0,0.0,0.0,1.0,0.0,0.0,0.0,0.0,0.0,0.0,0.0,0.0,0.0,1.0,0.0,8.96
1.0,0.060729925334055426,0.6047450782433115,0.6065514235909355,0.5,0.0,0.0,0.44186046511627897,0.0,0.0,0.0,0.0,0.0,1.0,0.0,0.0,0.0,0.0,0.0,0.0,0.0,1.0,0.0,1.0,0.0,1.0,0.0,0.0,0.0,0.0,0.0,0.0,0.0,0.0,0.0,0.0,1.0,9.36
0.36363636363637397,0.6019638225123948,0.40737001514386667,0.47871876815804776,0.5,0.3333333333333333,0.5,0.023255813953488413,0.0,0.0,0.0,0.0,0.0,1.0,0.0,0.0,0.0,0.0,1.0,0.0,0.0,0.0,0.0,1.0,0.0,1.0,0.0,0.0,0.0,0.0,0.0,0.0,0.0,0.0,1.0,0.0,0.0,2.37
0.36363636363637397,0.4258201040007851,0.39777889954568396,0.5199738524113888,0.25,0.0,0.0,0.6976744186046511,0.0,0.0,0.0,0.0,0.0,0.0,1.0,0.0,0.0,0.0,0.0,0.0,0.0,1.0,0.0,1.0,0.0,0.0,0.0,0.0,0.0,0.0,0.0,0.0,0.0,1.0,0.0,1.0,0.0,2.03
0.9090909090909065,0.3269570350248684,0.17768803634528013,0.6966153399186521,0.75,0.3333333333333333,0.0,0.2558139534883721,0.0,0.0,0.0,0.0,0.0,1.0,0.0,0.0,0.0,0.0,0.0,1.0,0.0,0.0,0.0,1.0,0.0,1.0,0.0,0.0,0.0,0.0,0.0,0.0,0.0,0.0,0.0,0.0,1.0,7.92
0.7272727272727195,0.5249238691042881,0.15143866733972738,0.4403689715281813,0.5,0.0,0.0,0.41860465116279055,0.0,0.0,0.0,0.0,0.0,1.0,0.0,0.0,0.0,0.0,0.0,0.0,0.0,1.0,0.0,1.0,0.0,0.0,0.0,1.0,0.0,0.0,0.0,0.0,0.0,0.0,0.0,0.0,1.0,6.08
0.2727272727272805,0.7393611953428165,1.0,0.9935357350377687,0.5,0.6666666666666667,0.5,0.34883720930232553,0.0,0.0,0.0,0.0,0.0,0.0,0.0,0.0,1.0,0.0,0.0,0.0,0.0,1.0,0.0,1.0,0.0,0.0,0.0,0.0,0.0,0.0,0.0,0.0,0.0,1.0,1.0,0.0,0.0,2.75
0.18181818181818699,0.6475585461094265,0.21655729429581022,0.5118390470656595,0.5,0.0,0.0,0.5581395348837208,0.0,0.0,0.0,0.0,0.0,1.0,0.0,0.0,0.0,0.0,0.0,0.0,0.0,1.0,0.0,1.0,0.0,0.0,0.0,1.0,0.0,0.0,0.0,0.0,0.0,0.0,0.0,0.0,1.0,1.22
1.0,0.07838097469037236,0.1751640585562847,0.4851104009296921,0.25,0.0,0.0,0.8837209302325579,1.0,0.0,0.0,0.0,0.0,0.0,0.0,0.0,0.0,0.0,0.0,1.0,0.0,0.0,0.0,1.0,0.0,0.0,1.0,0.0,0.0,0.0,0.0,0.0,0.0,0.0,0.0,1.0,0.0,7.95
0.2727272727272805,0.5994766291940047,0.303886925795053,0.7285735037768739,0.25,0.0,0.0,0.2558139534883721,0.0,0.0,0.0,0.0,0.0,0.0,0.0,0.0,0.0,1.0,0.0,1.0,0.0,0.0,0.0,1.0,0.0,0.0,0.0,0.0,0.0,0.0,0.0,1.0,0.0,0.0,0.0,1.0,0.0,1.61
0.545454545454561,0.5399845696589637,0.04997476022211006,0.26198431144683326,1.0,0.3333333333333333,0.0,0.5813953488372092,0.0,1.0,0.0,0.0,0.0,0.0,0.0,0.0,0.0,0.0,0.0,1.0,0.0,0.0,1.0,0.0,0.0,0.0,0.0,0.0,1.0,0.0,0.0,0.0,0.0,0.0,0.0,0.0,1.0,4.32
0.0,0.5535208614055938,0.3942453306410903,0.5286897152818129,0.5,0.6666666666666667,0.5,0.09302325581395343,0.0,0.0,0.0,0.0,1.0,0.0,0.0,0.0,0.0,0.0,0.0,0.0,1.0,0.0,1.0,0.0,0.0,1.0,0.0,0.0,0.0,0.0,0.0,0.0,0.0,0.0,1.0,0.0,0.0,1.2
0.545454545454561,0.3932860107553919,0.45583038869257947,0.29917199302730973,0.5,0.3333333333333333,0.0,0.6744186046511627,0.0,0.0,0.0,0.0,0.0,0.0,0.0,0.0,1.0,0.0,0.0,0.0,0.0,1.0,0.0,1.0,1.0,0.0,0.0,0.0,0.0,0.0,0.0,0.0,0.0,0.0,0.0,0.0,1.0,5.07
0.9090909090909065,0.4996507757077433,0.0,0.24222835560720518,0.5,0.0,0.0,0.18604651162790686,0.0,0.0,1.0,0.0,0.0,0.0,0.0,0.0,0.0,0.0,0.0,1.0,0.0,0.0,1.0,0.0,0.0,0.0,0.0,0.0,0.0,1.0,0.0,0.0,0.0,0.0,0.0,0.0,1.0,8.26
0.2727272727272805,0.46716826020397567,0.0,0.49150203370133644,0.5,0.0,0.5,0.2790697674418603,0.0,0.0,0.0,1.0,0.0,0.0,0.0,0.0,0.0,0.0,0.0,1.0,0.0,0.0,1.0,0.0,0.0,0.0,1.0,0.0,0.0,0.0,0.0,0.0,0.0,0.0,1.0,0.0,0.0,3.07
0.36363636363637397,0.433212913633788,0.5239777889954569,0.5687826844857642,0.25,0.0,0.0,0.5116279069767442,0.0,0.0,0.0,0.0,0.0,0.0,0.0,1.0,0.0,0.0,0.0,1.0,0.0,0.0,0.0,1.0,0.0,0.0,0.0,1.0,0.0,0.0,0.0,0.0,0.0,0.0,0.0,0.0,1.0,3.3
0.36363636363637397,0.5401736880449243,0.4346289752650177,0.453733294596165,0.5,0.0,0.0,0.09302325581395343,0.0,0.0,0.0,0.0,0.0,0.0,1.0,0.0,0.0,0.0,0.0,1.0,0.0,0.0,0.0,1.0,0.0,0.0,0.0,0.0,1.0,0.0,0.0,0.0,0.0,0.0,0.0,0.0,1.0,3.9
0.0,0.5766276896538632,0.4967188288743059,0.18586577571179558,0.25,0.3333333333333333,0.0,0.8837209302325579,1.0,0.0,0.0,0.0,0.0,0.0,0.0,0.0,0.0,0.0,0.0,1.0,0.0,0.0,1.0,0.0,0.0,0.0,0.0,0.0,1.0,0.0,0.0,0.0,0.0,0.0,0.0,0.0,1.0,1.2
0.09090909090909349,0.6418162242084429,0.003028773346794522,0.2213102847181872,0.25,0.0,0.0,0.8372093023255811,0.0,0.0,0.0,0.0,0.0,1.0,0.0,0.0,0.0,0.0,0.0,0.0,0.0,1.0,0.0,1.0,0.0,0.0,0.0,0.0,0.0,1.0,0.0,0.0,0.0,0.0,0.0,1.0,0.0,1.2
0.2727272727272805,0.46956375975947584,0.026249369005552747,0.1463538640325393,0.75,0.3333333333333333,0.0,0.6976744186046511,0.0,0.0,0.0,1.0,0.0,0.0,0.0,0.0,0.0,0.0,0.0,0.0,0.0,1.0,0.0,1.0,0.0,1.0,0.0,0.0,0.0,0.0,0.0,0.0,0.0,0.0,0.0,0.0,1.0,1.95
0.09090909090909349,0.0,0.5047955577990912,0.4711650203370134,0.5,0.0,0.0,0.627906976744186,0.0,1.0,0.0,0.0,0.0,0.0,0.0,0.0,0.0,0.0,1.0,0.0,0.0,0.0,1.0,0.0,0.0,0.0,0.0,0.0,0.0,0.0,0.0,0.0,0.0,1.0,0.0,1.0,0.0,16.9
0.636363636363626,0.12471497925070436,0.0,0.26082219639744336,0.5,0.3333333333333333,0.5,0.7674418604651163,0.0,0.0,1.0,0.0,0.0,0.0,0.0,0.0,0.0,0.0,0.0,0.0,0.0,1.0,0.0,1.0,1.0,0.0,0.0,0.0,0.0,0.0,0.0,0.0,0.0,0.0,1.0,0.0,0.0,5.79
0.636363636363626,0.20013309922769498,0.40181726400807677,0.3305490993608367,0.5,0.0,0.0,0.8139534883720931,0.0,0.0,0.0,0.0,0.0,0.0,1.0,0.0,0.0,0.0,0.0,0.0,0.0,1.0,0.0,1.0,0.0,0.0,0.0,0.0,0.0,0.0,0.0,1.0,0.0,0.0,1.0,0.0,0.0,6.22
0.9090909090909065,0.27168288858276546,0.5088339222614842,0.6106188262638002,0.5,0.3333333333333333,0.5,0.5116279069767442,1.0,0.0,0.0,0.0,0.0,0.0,0.0,0.0,0.0,0.0,0.0,1.0,0.0,0.0,1.0,0.0,0.0,1.0,0.0,0.0,0.0,0.0,0.0,0.0,0.0,0.0,0.0,0.0,1.0,6.74
0.545454545454561,0.22996222646783449,0.1625441696113074,0.41886984311446834,0.75,0.0,0.0,0.41860465116279055,0.0,0.0,1.0,0.0,0.0,0.0,0.0,0.0,0.0,0.0,0.0,1.0,0.0,0.0,1.0,0.0,0.0,0.0,0.0,0.0,1.0,0.0,0.0,0.0,0.0,0.0,1.0,0.0,0.0,6.45
0.2727272727272805,0.5312507387436952,0.0,0.0,0.75,0.0,0.0,0.8372093023255811,0.0,0.0,0.0,0.0,0.0,1.0,0.0,0.0,0.0,0.0,0.0,0.0,1.0,0.0,1.0,0.0,0.0,0.0,0.0,0.0,0.0,0.0,0.0,0.0,1.0,0.0,0.0,0.0,1.0,2.98
0.36363636363637397,0.6119125957859552,0.5906108026249368,0.6385095874491575,0.5,0.6666666666666667,0.0,0.09302325581395343,0.0,1.0,0.0,0.0,0.0,0.0,0.0,0.0,0.0,0.0,0.0,0.0,0.0,1.0,1.0,0.0,0.0,0.0,1.0,0.0,0.0,0.0,0.0,0.0,0.0,0.0,0.0,1.0,0.0,2.86
0.0,0.6247669151710913,0.14992428066633012,0.3822632190586868,0.5,0.3333333333333333,0.0,0.39534883720930214,0.0,0.0,0.0,0.0,1.0,0.0,0.0,0.0,0.0,0.0,0.0,0.0,0.0,1.0,0.0,1.0,0.0,0.0,0.0,0.0,0.0,0.0,0.0,0.0,0.0,1.0,0.0,0.0,1.0,1.2
0.545454545454561,0.3209740169962986,0.3230691569914184,0.5635531667635096,0.75,0.0,0.0,0.6976744186046511,0.0,0.0,0.0,0.0,0.0,0.0,0.0,0.0,0.0,1.0,0.0,0.0,0.0,1.0,0.0,1.0,0.0,0.0,0.0,0.0,0.0,0.0,0.0,1.0,0.0,0.0,0.0,1.0,0.0,4.85
0.45454545454546746,0.3999223468445526,0.20999495204442203,0.5873765252760024,0.75,0.6666666666666667,0.0,0.8372093023255811,0.0,0.0,0.0,0.0,1.0,0.0,0.0,0.0,0.0,0.0,0.0,0.0,0.0,1.0,1.0,0.0,0.0,0.0,0.0,1.0,0.0,0.0,0.0,0.0,0.0,0.0,0.0,1.0,0.0,4.25
0.9090909090909065,0.1894163906899311,0.40585562847046946,0.5984166182452062,0.25,0.0,0.0,0.7209302325581395,1.0,0.0,0.0,0.0,0.0,0.0,0.0,0.0,0.0,0.0,0.0,0.0,0.0,1.0,1.0,0.0,0.0,0.0,0.0,0.0,0.0,0.0,0.0,0.0,1.0,0.0,0.0,0.0,1.0,8.03
0.9090909090909065,0.31384482693160437,0.35840484603735484,0.3410081348053457,0.5,0.6666666666666667,0.0,0.8837209302325579,0.0,0.0,0.0,0.0,0.0,0.0,1.0,0.0,0.0,0.0,0.0,0.0,0.0,1.0,1.0,0.0,0.0,1.0,0.0,0.0,0.0,0.0,0.0,0.0,0.0,0.0,0.0,0.0,1.0,6.68
0.9090909090909065,0.1744874999194098,0.3957597173144876,0.3688988959907032,0.75,0.0,0.0,0.6046511627906976,0.0,0.0,0.0,1.0,0.0,0.0,0.0,0.0,0.0,0.0,0.0,0.0,0.0,1.0,0.0,1.0,0.0,0.0,0.0,1.0,0.0,0.0,0.0,0.0,0.0,0.0,0.0,0.0,1.0,8.65
0.545454545454561,0.41412341837213484,0.3321554770318021,0.5809848925043579,0.5,0.0,0.0,0.18604651162790686,0.0,0.0,1.0,0.0,0.0,0.0,0.0,0.0,0.0,0.0,0.0,1.0,0.0,0.0,1.0,0.0,1.0,0.0,0.0,0.0,0.0,0.0,0.0,0.0,0.0,0.0,0.0,0.0,1.0,5.39
0.2727272727272805,0.49087682877121047,0.7344775365976779,0.7355461940732133,0.5,1.0,0.0,0.6511627906976742,0.0,0.0,0.0,0.0,1.0,0.0,0.0,0.0,0.0,0.0,0.0,0.0,0.0,1.0,0.0,1.0,1.0,0.0,0.0,0.0,0.0,0.0,0.0,0.0,0.0,0.0,0.0,1.0,0.0,2.21
0.36363636363637397,0.6095228270906358,0.7319535588086825,0.6565223707147008,1.0,0.0,0.0,0.627906976744186,0.0,0.0,0.0,0.0,0.0,0.0,0.0,0.0,1.0,0.0,0.0,0.0,1.0,0.0,0.0,1.0,1.0,0.0,0.0,0.0,0.0,0.0,0.0,0.0,0.0,0.0,0.0,0.0,1.0,5.24
0.818181818181813,0.17922119042860388,0.5926299848561332,0.6640761185357351,0.5,0.0,0.0,0.39534883720930214,0.0,0.0,0.0,0.0,1.0,0.0,0.0,0.0,0.0,0.0,0.0,0.0,1.0,0.0,0.0,1.0,0.0,0.0,0.0,0.0,0.0,0.0,0.0,1.0,0.0,0.0,0.0,0.0,1.0,7.73
0.9090909090909065,0.1917431199232638,0.3861686017163049,0.7204386984311448,0.5,1.0,0.5,0.9534883720930232,0.0,0.0,0.0,0.0,0.0,0.0,0.0,0.0,1.0,0.0,0.0,0.0,0.0,1.0,0.0,1.0,0.0,0.0,0.0,0.0,0.0,1.0,0.0,0.0,0.0,0.0,0.0,0.0,1.0,9.07
0.9090909090909065,0.17099167520923014,0.0,0.5751743172574084,0.25,0.0,0.5,0.6744186046511627,0.0,0.0,1.0,0.0,0.0,0.0,0.0,0.0,0.0,0.0,0.0,0.0,0.0,1.0,0.0,1.0,0.0,0.0,0.0,0.0,0.0,1.0,0.0,0.0,0.0,0.0,0.0,1.0,0.0,9.33
0.545454545454561,0.5042068095513381,0.1529530540131247,0.47988088320743755,0.5,0.0,0.0,0.7441860465116279,0.0,0.0,0.0,0.0,0.0,0.0,0.0,0.0,1.0,0.0,0.0,1.0,0.0,0.0,1.0,0.0,0.0,0.0,1.0,0.0,0.0,0.0,0.0,0.0,0.0,0.0,0.0,0.0,1.0,4.83
0.09090909090909349,0.6272942245107458,0.546693589096416,0.601321905868681,0.5,0.0,0.0,0.37209302325581395,0.0,0.0,0.0,0.0,0.0,1.0,0.0,0.0,0.0,0.0,0.0,0.0,0.0,1.0,0.0,1.0,0.0,0.0,0.0,0.0,0.0,0.0,0.0,1.0,0.0,0.0,0.0,1.0,0.0,1.2
0.18181818181818699,0.5305171886405755,0.48359414437152953,0.833163858221964,1.0,0.3333333333333333,0.0,0.13953488372093026,0.0,1.0,0.0,0.0,0.0,0.0,0.0,0.0,0.0,0.0,0.0,0.0,0.0,1.0,0.0,1.0,0.0,0.0,0.0,0.0,0.0,0.0,1.0,0.0,0.0,0.0,0.0,1.0,0.0,2.62
0.2727272727272805,0.7057038535020212,0.3225643614336194,0.5356624055781523,0.75,0.0,0.0,0.7209302325581395,0.0,1.0,0.0,0.0,0.0,0.0,0.0,0.0,0.0,0.0,0.0,0.0,0.0,1.0,1.0,0.0,1.0,0.0,0.0,0.0,0.0,0.0,0.0,0.0,0.0,0.0,0.0,0.0,1.0,2.74
0.0,0.553228587536382,0.403331650681474,0.5635531667635096,0.5,0.0,0.0,0.37209302325581395,0.0,0.0,1.0,0.0,0.0,0.0,0.0,0.0,0.0,0.0,0.0,1.0,0.0,0.0,1.0,0.0,0.0,0.0,0.0,1.0,0.0,0.0,0.0,0.0,0.0,0.0,0.0,1.0,0.0,1.2
0.0,0.5772523534135511,0.2513881877839475,0.390398024404416,1.0,0.0,0.5,1.0,0.0,0.0,0.0,0.0,1.0,0.0,0.0,0.0,0.0,0.0,0.0,0.0,0.0,1.0,1.0,0.0,0.0,0.0,0.0,1.0,0.0,0.0,0.0,0.0,0.0,0.0,0.0,0.0,1.0,1.2
0.0,0.876305830218969,0.9399293286219081,0.8163131900058107,0.75,0.0,0.0,0.627906976744186,0.0,0.0,0.0,0.0,0.0,0.0,0.0,0.0,0.0,1.0,0.0,0.0,0.0,1.0,0.0,1.0,0.0,0.0,0.0,0.0,0.0,0.0,1.0,0.0,0.0,0.0,0.0,1.0,0.0,1.2
0.18181818181818699,0.8831255538339097,0.03836446239273095,0.12543579314352127,0.75,0.3333333333333333,1.0,0.18604651162790686,0.0,0.0,0.0,0.0,1.0,0.0,0.0,0.0,0.0,0.0,0.0,1.0,0.0,0.0,0.0,1.0,1.0,0.0,0.0,0.0,0.0,0.0,0.0,0.0,0.0,0.0,0.0,0.0,1.0,1.2
0.7272727272727195,0.3725001808802745,0.7107521453811205,0.6228210342823939,0.25,0.6666666666666667,0.0,0.627906976744186,0.0,0.0,0.0,0.0,0.0,1.0,0.0,0.0,0.0,0.0,0.0,1.0,0.0,0.0,0.0,1.0,0.0,0.0,0.0,0.0,0.0,1.0,0.0,0.0,0.0,0.0,0.0,0.0,1.0,5.97
0.36363636363637397,0.439299087145609,0.2902574457344775,0.559485764090645,1.0,0.0,0.0,0.5581395348837208,0.0,1.0,0.0,0.0,0.0,0.0,0.0,0.0,0.0,0.0,0.0,1.0,0.0,0.0,1.0,0.0,0.0,0.0,0.0,0.0,0.0,0.0,0.0,1.0,0.0,0.0,0.0,0.0,1.0,4.88
0.636363636363626,0.30870424534958607,0.2125189298334174,0.29800987797791983,0.5,0.0,0.0,0.8372093023255811,1.0,0.0,0.0,0.0,0.0,0.0,0.0,0.0,0.0,0.0,0.0,0.0,0.0,1.0,1.0,0.0,0.0,0.0,0.0,0.0,1.0,0.0,0.0,0.0,0.0,0.0,0.0,1.0,0.0,5.91
0.545454545454561,0.4744980303749917,0.04240282685512364,0.5745932597327137,0.5,0.0,0.5,0.13953488372093026,0.0,0.0,0.0,0.0,0.0,1.0,0.0,0.0,0.0,0.0,0.0,0.0,0.0,1.0,0.0,1.0,0.0,0.0,0.0,0.0,1.0,0.0,0.0,0.0,0.0,0.0,0.0,1.0,0.0,2.64
0.545454545454561,0.4303818687045606,0.2862190812720848,0.46709761766414887,0.25,0.6666666666666667,0.0,0.2558139534883721,0.0,0.0,0.0,0.0,0.0,0.0,0.0,0.0,1.0,0.0,0.0,0.0,0.0,1.0,0.0,1.0,0.0,1.0,0.0,0.0,0.0,0.0,0.0,0.0,0.0,0.0,0.0,0.0,1.0,3.92
0.0,0.9006218699653498,0.5991923271075215,0.6820889018012783,0.0,0.6666666666666667,0.0,0.7906976744186047,0.0,0.0,0.0,1.0,0.0,0.0,0.0,0.0,0.0,0.0,0.0,1.0,0.0,0.0,1.0,0.0,0.0,0.0,1.0,0.0,0.0,0.0,0.0,0.0,0.0,0.0,0.0,1.0,0.0,1.2
0.636363636363626,0.3725345660413582,0.49469964664310956,0.5902818128994771,0.75,0.0,0.5,0.3255813953488371,0.0,0.0,0.0,0.0,0.0,0.0,0.0,0.0,1.0,0.0,0.0,0.0,0.0,1.0,0.0,1.0,0.0,0.0,0.0,0.0,1.0,0.0,0.0,0.0,0.0,0.0,0.0,0.0,1.0,5.51
0.45454545454546746,0.531967096266273,0.7107521453811205,0.7640180127832656,0.75,0.0,0.0,0.9069767441860463,1.0,0.0,0.0,0.0,0.0,0.0,0.0,0.0,0.0,0.0,1.0,0.0,0.0,0.0,0.0,1.0,0.0,0.0,0.0,0.0,0.0,0.0,0.0,0.0,1.0,0.0,0.0,0.0,1.0,5.09
0.0,0.5886281108720866,0.48409893992932856,0.6594276583381755,0.5,0.0,0.0,0.8139534883720931,0.0,0.0,0.0,0.0,0.0,0.0,0.0,0.0,0.0,1.0,0.0,0.0,0.0,1.0,1.0,0.0,0.0,0.0,0.0,0.0,0.0,0.0,0.0,0.0,0.0,1.0,1.0,0.0,0.0,1.2
0.545454545454561,0.36906166477190105,0.1569914184755174,0.38516850668216146,0.75,0.0,0.5,0.5116279069767442,0.0,0.0,0.0,0.0,0.0,0.0,1.0,0.0,0.0,0.0,0.0,0.0,0.0,1.0,1.0,0.0,0.0,0.0,0.0,0.0,1.0,0.0,0.0,0.0,0.0,0.0,0.0,0.0,1.0,6.32
0.7272727272727195,0.1335863508103078,0.014134275618374548,0.431653108657757,0.5,0.0,0.0,0.41860465116279055,0.0,1.0,0.0,0.0,0.0,0.0,0.0,0.0,0.0,0.0,0.0,0.0,0.0,1.0,0.0,1.0,0.0,0.0,0.0,0.0,0.0,1.0,0.0,0.0,0.0,0.0,0.0,0.0,1.0,6.39
0.18181818181818699,0.6704705251115548,0.45280161534578495,0.6989395700174317,0.5,0.0,1.0,0.4651162790697674,1.0,0.0,0.0,0.0,0.0,0.0,0.0,0.0,0.0,0.0,0.0,0.0,0.0,1.0,0.0,1.0,0.0,0.0,1.0,0.0,0.0,0.0,0.0,0.0,0.0,0.0,0.0,0.0,1.0,1.2
0.2727272727272805,0.8086243714858187,0.6198889449772842,0.6629140034863452,0.25,0.6666666666666667,1.0,0.3023255813953487,0.0,0.0,0.0,0.0,0.0,0.0,1.0,0.0,0.0,0.0,0.0,0.0,0.0,1.0,0.0,1.0,0.0,1.0,0.0,0.0,0.0,0.0,0.0,0.0,0.0,0.0,0.0,0.0,1.0,1.2
0.545454545454561,0.21189855517851272,0.14891468955073195,0.412478210342824,0.5,0.0,0.0,0.046511627906976605,0.0,0.0,0.0,1.0,0.0,0.0,0.0,0.0,0.0,0.0,0.0,1.0,0.0,0.0,0.0,1.0,0.0,0.0,0.0,1.0,0.0,0.0,0.0,0.0,0.0,0.0,0.0,1.0,0.0,4.27
0.45454545454546746,0.715102464198242,0.3669863705199394,0.5833091226031377,0.75,0.0,0.0,0.09302325581395343,0.0,1.0,0.0,0.0,0.0,0.0,0.0,0.0,0.0,0.0,0.0,1.0,0.0,0.0,1.0,0.0,0.0,0.0,0.0,1.0,0.0,0.0,0.0,0.0,0.0,0.0,0.0,1.0,0.0,3.68
0.18181818181818699,0.4499183710603023,0.43816254416961126,0.28406449738524114,0.75,0.3333333333333333,0.0,0.13953488372093026,0.0,0.0,0.0,0.0,0.0,0.0,0.0,0.0,0.0,1.0,0.0,1.0,0.0,0.0,1.0,0.0,0.0,0.0,0.0,0.0,0.0,0.0,0.0,1.0,0.0,0.0,0.0,1.0,0.0,2.06
0.36363636363637397,0.5059432601860667,0.0,0.0,1.0,0.6666666666666667,0.0,0.023255813953488413,0.0,1.0,0.0,0.0,0.0,0.0,0.0,0.0,0.0,0.0,0.0,0.0,0.0,1.0,0.0,1.0,0.0,0.0,0.0,1.0,0.0,0.0,0.0,0.0,0.0,0.0,0.0,0.0,1.0,2.71
0.636363636363626,0.20239678899904082,0.5552751135790004,0.7442620569436376,0.75,0.0,0.0,0.6976744186046511,0.0,1.0,0.0,0.0,0.0,0.0,0.0,0.0,0.0,0.0,0.0,0.0,0.0,1.0,1.0,0.0,1.0,0.0,0.0,0.0,0.0,0.0,0.0,0.0,0.0,0.0,0.0,1.0,0.0,7.4
0.7272727272727195,0.4139342999861743,0.6163553760726905,0.7709907030796048,1.0,0.0,0.0,0.7906976744186047,0.0,0.0,1.0,0.0,0.0,0.0,0.0,0.0,0.0,0.0,0.0,0.0,0.0,1.0,0.0,1.0,0.0,0.0,0.0,0.0,0.0,0.0,1.0,0.0,0.0,0.0,0.0,0.0,1.0,8.77
0.9090909090909065,0.023496526740551783,0.3281171125694094,0.2038785589773388,0.75,0.6666666666666667,0.0,0.3255813953488371,0.0,0.0,0.0,0.0,0.0,0.0,1.0,0.0,0.0,0.0,0.0,0.0,1.0,0.0,0.0,1.0,0.0,0.0,1.0,0.0,0.0,0.0,0.0,0.0,0.0,0.0,0.0,0.0,1.0,10.04
0.09090909090909349,0.5821522388679832,0.4815749621403332,0.632699012202208,0.5,0.0,0.0,0.4651162790697674,1.0,0.0,0.0,0.0,0.0,0.0,0.0,0.0,0.0,0.0,0.0,0.0,0.0,1.0,0.0,1.0,0.0,0.0,0.0,0.0,0.0,0.0,0.0,0.0,0.0,1.0,0.0,1.0,0.0,1.2
0.636363636363626,0.3572274384989158,0.5103483089348813,0.6199157466589191,0.5,0.0,0.0,0.8837209302325579,0.0,0.0,0.0,1.0,0.0,0.0,0.0,0.0,0.0,0.0,1.0,0.0,0.0,0.0,0.0,1.0,0.0,1.0,0.0,0.0,0.0,0.0,0.0,0.0,0.0,0.0,0.0,0.0,1.0,5.95
0.9090909090909065,0.34925008112748945,0.7370015143866733,0.4548954096455549,0.75,0.6666666666666667,0.0,0.6976744186046511,0.0,0.0,0.0,0.0,0.0,1.0,0.0,0.0,0.0,0.0,0.0,0.0,1.0,0.0,1.0,0.0,1.0,0.0,0.0,0.0,0.0,0.0,0.0,0.0,0.0,0.0,1.0,0.0,0.0,8.66
0.2727272727272805,0.5442483296333468,0.28672387682988393,0.19400058105752477,0.75,0.0,0.0,0.8139534883720931,1.0,0.0,0.0,0.0,0.0,0.0,0.0,0.0,0.0,0.0,0.0,0.0,0.0,1.0,0.0,1.0,0.0,0.0,0.0,0.0,1.0,0.0,0.0,0.0,0.0,0.0,1.0,0.0,0.0,1.68
0.818181818181813,0.10953966149241628,0.5991923271075215,0.5966734456711213,0.75,0.0,0.0,0.627906976744186,0.0,1.0,0.0,0.0,0.0,0.0,0.0,0.0,0.0,0.0,0.0,0.0,0.0,1.0,1.0,0.0,1.0,0.0,0.0,0.0,0.0,0.0,0.0,0.0,0.0,0.0,0.0,1.0,0.0,6.92
0.636363636363626,0.36323911082838867,0.2771327612317011,0.5693637420104591,0.75,0.0,0.0,0.37209302325581395,0.0,0.0,0.0,0.0,0.0,0.0,0.0,1.0,0.0,0.0,0.0,1.0,0.0,0.0,0.0,1.0,0.0,1.0,0.0,0.0,0.0,0.0,0.0,0.0,0.0,0.0,1.0,0.0,0.0,6.23
0.9090909090909065,0.06412259456098388,0.1928319030792529,0.3351975595583963,0.75,0.0,0.0,0.20930232558139528,1.0,0.0,0.0,0.0,0.0,0.0,0.0,0.0,0.0,0.0,0.0,0.0,1.0,0.0,1.0,0.0,0.0,0.0,0.0,0.0,0.0,0.0,1.0,0.0,0.0,0.0,1.0,0.0,0.0,10.2
0.7272727272727195,0.0017192580541867163,1.0,1.0,0.5,0.0,0.0,0.3255813953488371,0.0,0.0,0.0,0.0,0.0,0.0,1.0,0.0,0.0,0.0,0.0,0.0,0.0,1.0,1.0,0.0,0.0,0.0,0.0,0.0,1.0,0.0,0.0,0.0,0.0,0.0,0.0,0.0,1.0,22.5
0.636363636363626,0.5323396021780135,0.31802120141342755,0.08708599651365495,1.0,0.3333333333333333,0.0,0.5813953488372092,0.0,0.0,0.0,0.0,0.0,1.0,0.0,0.0,0.0,0.0,0.0,1.0,0.0,0.0,1.0,0.0,0.0,0.0,0.0,0.0,0.0,0.0,1.0,0.0,0.0,0.0,0.0,0.0,1.0,5.57
0.36363636363637397,0.3372152747481824,0.6774356385663807,0.801786751888437,0.5,0.0,0.0,0.5116279069767442,0.0,0.0,0.0,0.0,0.0,0.0,0.0,0.0,0.0,1.0,0.0,0.0,0.0,1.0,1.0,0.0,0.0,0.0,0.0,0.0,1.0,0.0,0.0,0.0,0.0,0.0,0.0,0.0,1.0,4.23
0.45454545454546746,0.4202497079052202,0.22766279656739025,0.6210778617083093,0.5,0.0,0.0,0.2790697674418603,0.0,1.0,0.0,0.0,0.0,0.0,0.0,0.0,0.0,0.0,0.0,0.0,0.0,1.0,0.0,1.0,0.0,0.0,1.0,0.0,0.0,0.0,0.0,0.0,0.0,0.0,0.0,0.0,1.0,3.49
0.2727272727272805,0.5701117016284956,0.6542150429076223,0.6820889018012783,1.0,0.0,0.0,0.9534883720930232,0.0,0.0,0.0,1.0,0.0,0.0,0.0,0.0,0.0,0.0,0.0,1.0,0.0,0.0,1.0,0.0,0.0,0.0,0.0,1.0,0.0,0.0,0.0,0.0,0.0,0.0,0.0,0.0,1.0,3.36
1.0,0.3217190288197795,0.4184755174154467,0.527527600232423,0.5,0.3333333333333333,0.0,0.6046511627906976,0.0,0.0,0.0,0.0,0.0,1.0,0.0,0.0,0.0,0.0,0.0,0.0,0.0,1.0,0.0,1.0,0.0,0.0,0.0,0.0,1.0,0.0,0.0,0.0,0.0,0.0,0.0,1.0,0.0,7.57
1.0,0.023496526740551783,0.0923775870772337,0.2027164439279489,0.5,0.0,0.0,0.8139534883720931,0.0,0.0,0.0,0.0,0.0,0.0,0.0,0.0,0.0,1.0,0.0,0.0,0.0,1.0,1.0,0.0,0.0,0.0,0.0,0.0,0.0,0.0,0.0,0.0,0.0,1.0,1.0,0.0,0.0,9.18
0.545454545454561,0.40357290477960905,0.3361938414941948,0.18063625798954103,1.0,0.3333333333333333,0.0,0.9767441860465116,1.0,0.0,0.0,0.0,0.0,0.0,0.0,0.0,0.0,0.0,0.0,1.0,0.0,0.0,0.0,1.0,1.0,0.0,0.0,0.0,0.0,0.0,0.0,0.0,0.0,0.0,0.0,0.0,1.0,5.57
0.9090909090909065,0.2607770616590411,0.3674911660777385,0.4374636839047065,0.25,0.6666666666666667,0.0,0.7674418604651163,0.0,0.0,0.0,0.0,0.0,0.0,0.0,0.0,1.0,0.0,0.0,0.0,0.0,1.0,1.0,0.0,0.0,0.0,0.0,0.0,0.0,0.0,0.0,1.0,0.0,0.0,0.0,0.0,1.0,7.97
0.09090909090909349,0.0002865430090311198,1.0,1.0,0.0,0.3333333333333333,0.0,0.06976744186046502,0.0,0.0,0.0,0.0,0.0,1.0,0.0,0.0,0.0,0.0,0.0,0.0,0.0,1.0,0.0,1.0,0.0,0.0,0.0,0.0,1.0,0.0,0.0,0.0,0.0,0.0,0.0,0.0,1.0,18.7
0.818181818181813,0.21999626061373215,0.673397274103988,0.8035299244625218,0.5,0.3333333333333333,0.0,0.37209302325581395,0.0,0.0,0.0,0.0,0.0,1.0,0.0,0.0,0.0,0.0,0.0,0.0,0.0,1.0,0.0,1.0,0.0,0.0,0.0,0.0,0.0,0.0,0.0,1.0,0.0,0.0,0.0,1.0,0.0,7.12
1.0,0.06788203883947216,0.28571428571428575,0.5025421266705403,0.5,0.0,0.0,0.2558139534883721,0.0,0.0,0.0,1.0,0.0,0.0,0.0,0.0,0.0,0.0,0.0,1.0,0.0,0.0,0.0,1.0,0.0,0.0,0.0,0.0,1.0,0.0,0.0,0.0,0.0,0.0,0.0,1.0,0.0,9.07
0.18181818181818699,0.40060431920604667,0.2700656234225139,0.34507553747821035,1.0,0.0,0.5,0.8837209302325579,0.0,0.0,0.0,0.0,0.0,0.0,0.0,1.0,0.0,0.0,0.0,0.0,0.0,1.0,1.0,0.0,1.0,0.0,0.0,0.0,0.0,0.0,0.0,0.0,0.0,0.0,0.0,1.0,0.0,2.27
0.818181818181813,0.23177890914509178,0.4684502776375568,0.49963683904706574,1.0,0.0,0.0,0.5348837209302324,0.0,0.0,0.0,0.0,0.0,0.0,0.0,0.0,1.0,0.0,0.0,0.0,0.0,1.0,1.0,0.0,0.0,0.0,0.0,0.0,0.0,0.0,0.0,0.0,1.0,0.0,1.0,0.0,0.0,9.31
